product_id,series,status,sort_order,name_zh,name_en,name_ko,short_desc_zh,short_desc_en,short_desc_ko,detail_desc_zh,detail_desc_en,detail_desc_ko,default_size,available_sizes,available_patterns,available_scent_series,cover_image,angle_image,detail_image,size_s_image,size_m_image,size_l_image,size_xl_image,packaging_image,scene_image_1,scene_image_2,scene_image_3,scene_image_4,tags_zh,tags_en,tags_ko,featured,launch_date,updated_at,color_class,list_sort,color_code,pdf_series_label,pdf_source_page
ADV001,advanced,active,10,暗黑彩虹,Noir Rainbow,누아르 레인보우,进阶系列 C01，适用 S/M/L/XL，可混批；法国 Robertet Group 进口香薰香精，底模香薰比例8%。,进阶系列 C01. Suitable for S/M/L/XL mixed wholesale; Robertet Group fragrance from France; fragrance ratio 8%.,进阶系列 C01. S/M/L/XL 혼합 도매 가능; 프랑스 Robertet Group 수입 향료; 향료 비율 8%.,来源于 2026 版批发产品手册第 2 页颜色展示区。颜色展示仅供参考，手工制作及拍摄光线可能存在轻微色差，最终以实物为准。,Sourced from the color reference section on page 2 of the 2026 wholesale manual. Color images are for reference only; handmade production and lighting may cause slight color differences.,2026 도매 제품 매뉴얼 2페이지 컬러 레퍼런스 기준입니다. 수작업 제작과 촬영 조명으로 실제 색상과 약간 다를 수 있습니다.,S,"S,M,L,XL",S:小花卷/细波纹/简约切线; M:经典花瓣/海浪卷/礼盒花型; L:大花瓣/层叠波纹/展陈花型; XL:大礼花/雕塑卷/陈列款,advanced,./images/products/ADV001/cover.webp,./images/products/ADV001/angle.webp,./images/products/ADV001/detail.webp,./images/products/ADV001/size-s.webp,./images/products/ADV001/size-m.webp,./images/products/ADV001/size-l.webp,./images/products/ADV001/size-xl.webp,,,,,,"进阶系列,Robertet,香薰比例8%,S/M/L/XL可混批","Advanced,Robertet,8% fragrance,S/M/L/XL mixable","어드밴스,Robertet,향료 8%,S/M/L/XL 혼합 가능",no,,2026-07-15,color-1,190,C01,进阶系列,2
ADV002,advanced,active,20,苍葭,Misty Reeds,안개 갈대,进阶系列 C02，适用 S/M/L/XL，可混批；法国 Robertet Group 进口香薰香精，底模香薰比例8%。,进阶系列 C02. Suitable for S/M/L/XL mixed wholesale; Robertet Group fragrance from France; fragrance ratio 8%.,进阶系列 C02. S/M/L/XL 혼합 도매 가능; 프랑스 Robertet Group 수입 향료; 향료 비율 8%.,来源于 2026 版批发产品手册第 2 页颜色展示区。颜色展示仅供参考，手工制作及拍摄光线可能存在轻微色差，最终以实物为准。,Sourced from the color reference section on page 2 of the 2026 wholesale manual. Color images are for reference only; handmade production and lighting may cause slight color differences.,2026 도매 제품 매뉴얼 2페이지 컬러 레퍼런스 기준입니다. 수작업 제작과 촬영 조명으로 실제 색상과 약간 다를 수 있습니다.,S,"S,M,L,XL",S:小花卷/细波纹/简约切线; M:经典花瓣/海浪卷/礼盒花型; L:大花瓣/层叠波纹/展陈花型; XL:大礼花/雕塑卷/陈列款,advanced,./images/products/ADV002/cover.webp,./images/products/ADV002/angle.webp,./images/products/ADV002/detail.webp,./images/products/ADV002/size-s.webp,./images/products/ADV002/size-m.webp,./images/products/ADV002/size-l.webp,./images/products/ADV002/size-xl.webp,,,,,,"进阶系列,Robertet,香薰比例8%,S/M/L/XL可混批","Advanced,Robertet,8% fragrance,S/M/L/XL mixable","어드밴스,Robertet,향료 8%,S/M/L/XL 혼합 가능",no,,2026-07-15,color-2,180,C02,进阶系列,2
ADV003,advanced,active,30,弗洛伊德,Freud,프로이트,进阶系列 C03，适用 S/M/L/XL，可混批；法国 Robertet Group 进口香薰香精，底模香薰比例8%。,进阶系列 C03. Suitable for S/M/L/XL mixed wholesale; Robertet Group fragrance from France; fragrance ratio 8%.,进阶系列 C03. S/M/L/XL 혼합 도매 가능; 프랑스 Robertet Group 수입 향료; 향료 비율 8%.,来源于 2026 版批发产品手册第 2 页颜色展示区。颜色展示仅供参考，手工制作及拍摄光线可能存在轻微色差，最终以实物为准。,Sourced from the color reference section on page 2 of the 2026 wholesale manual. Color images are for reference only; handmade production and lighting may cause slight color differences.,2026 도매 제품 매뉴얼 2페이지 컬러 레퍼런스 기준입니다. 수작업 제작과 촬영 조명으로 실제 색상과 약간 다를 수 있습니다.,S,"S,M,L,XL",S:小花卷/细波纹/简约切线; M:经典花瓣/海浪卷/礼盒花型; L:大花瓣/层叠波纹/展陈花型; XL:大礼花/雕塑卷/陈列款,advanced,./images/products/ADV003/cover.webp,./images/products/ADV003/angle.webp,./images/products/ADV003/detail.webp,./images/products/ADV003/size-s.webp,./images/products/ADV003/size-m.webp,./images/products/ADV003/size-l.webp,./images/products/ADV003/size-xl.webp,,,,,,"进阶系列,Robertet,香薰比例8%,S/M/L/XL可混批","Advanced,Robertet,8% fragrance,S/M/L/XL mixable","어드밴스,Robertet,향료 8%,S/M/L/XL 혼합 가능",no,,2026-07-15,color-3,170,C03,进阶系列,2
ADV004,advanced,active,40,黄金海岸,Golden Coast,골든 코스트,进阶系列 C04，适用 S/M/L/XL，可混批；法国 Robertet Group 进口香薰香精，底模香薰比例8%。,进阶系列 C04. Suitable for S/M/L/XL mixed wholesale; Robertet Group fragrance from France; fragrance ratio 8%.,进阶系列 C04. S/M/L/XL 혼합 도매 가능; 프랑스 Robertet Group 수입 향료; 향료 비율 8%.,来源于 2026 版批发产品手册第 2 页颜色展示区。颜色展示仅供参考，手工制作及拍摄光线可能存在轻微色差，最终以实物为准。,Sourced from the color reference section on page 2 of the 2026 wholesale manual. Color images are for reference only; handmade production and lighting may cause slight color differences.,2026 도매 제품 매뉴얼 2페이지 컬러 레퍼런스 기준입니다. 수작업 제작과 촬영 조명으로 실제 색상과 약간 다를 수 있습니다.,S,"S,M,L,XL",S:小花卷/细波纹/简约切线; M:经典花瓣/海浪卷/礼盒花型; L:大花瓣/层叠波纹/展陈花型; XL:大礼花/雕塑卷/陈列款,advanced,./images/products/ADV004/cover.webp,./images/products/ADV004/angle.webp,./images/products/ADV004/detail.webp,./images/products/ADV004/size-s.webp,./images/products/ADV004/size-m.webp,./images/products/ADV004/size-l.webp,./images/products/ADV004/size-xl.webp,,,,,,"进阶系列,Robertet,香薰比例8%,S/M/L/XL可混批","Advanced,Robertet,8% fragrance,S/M/L/XL mixable","어드밴스,Robertet,향료 8%,S/M/L/XL 혼합 가능",no,,2026-07-15,color-4,160,C04,进阶系列,2
ADV005,advanced,active,50,落日珊瑚,Sunset Coral,선셋 코랄,进阶系列 C05，适用 S/M/L/XL，可混批；法国 Robertet Group 进口香薰香精，底模香薰比例8%。,进阶系列 C05. Suitable for S/M/L/XL mixed wholesale; Robertet Group fragrance from France; fragrance ratio 8%.,进阶系列 C05. S/M/L/XL 혼합 도매 가능; 프랑스 Robertet Group 수입 향료; 향료 비율 8%.,来源于 2026 版批发产品手册第 2 页颜色展示区。颜色展示仅供参考，手工制作及拍摄光线可能存在轻微色差，最终以实物为准。,Sourced from the color reference section on page 2 of the 2026 wholesale manual. Color images are for reference only; handmade production and lighting may cause slight color differences.,2026 도매 제품 매뉴얼 2페이지 컬러 레퍼런스 기준입니다. 수작업 제작과 촬영 조명으로 실제 색상과 약간 다를 수 있습니다.,S,"S,M,L,XL",S:小花卷/细波纹/简约切线; M:经典花瓣/海浪卷/礼盒花型; L:大花瓣/层叠波纹/展陈花型; XL:大礼花/雕塑卷/陈列款,advanced,./images/products/ADV005/cover.webp,./images/products/ADV005/angle.webp,./images/products/ADV005/detail.webp,./images/products/ADV005/size-s.webp,./images/products/ADV005/size-m.webp,./images/products/ADV005/size-l.webp,./images/products/ADV005/size-xl.webp,,,,,,"进阶系列,Robertet,香薰比例8%,S/M/L/XL可混批","Advanced,Robertet,8% fragrance,S/M/L/XL mixable","어드밴스,Robertet,향료 8%,S/M/L/XL 혼합 가능",no,,2026-07-15,color-5,150,C05,进阶系列,2
ADV006,advanced,active,60,南瓜甜派,Pumpkin Pie,펌킨 파이,进阶系列 C06，适用 S/M/L/XL，可混批；法国 Robertet Group 进口香薰香精，底模香薰比例8%。,进阶系列 C06. Suitable for S/M/L/XL mixed wholesale; Robertet Group fragrance from France; fragrance ratio 8%.,进阶系列 C06. S/M/L/XL 혼합 도매 가능; 프랑스 Robertet Group 수입 향료; 향료 비율 8%.,来源于 2026 版批发产品手册第 2 页颜色展示区。颜色展示仅供参考，手工制作及拍摄光线可能存在轻微色差，最终以实物为准。,Sourced from the color reference section on page 2 of the 2026 wholesale manual. Color images are for reference only; handmade production and lighting may cause slight color differences.,2026 도매 제품 매뉴얼 2페이지 컬러 레퍼런스 기준입니다. 수작업 제작과 촬영 조명으로 실제 색상과 약간 다를 수 있습니다.,S,"S,M,L,XL",S:小花卷/细波纹/简约切线; M:经典花瓣/海浪卷/礼盒花型; L:大花瓣/层叠波纹/展陈花型; XL:大礼花/雕塑卷/陈列款,advanced,./images/products/ADV006/cover.webp,./images/products/ADV006/angle.webp,./images/products/ADV006/detail.webp,./images/products/ADV006/size-s.webp,./images/products/ADV006/size-m.webp,./images/products/ADV006/size-l.webp,./images/products/ADV006/size-xl.webp,,,,,,"进阶系列,Robertet,香薰比例8%,S/M/L/XL可混批","Advanced,Robertet,8% fragrance,S/M/L/XL mixable","어드밴스,Robertet,향료 8%,S/M/L/XL 혼합 가능",no,,2026-07-15,color-6,140,C06,进阶系列,2
ADV007,advanced,active,70,蜜桃狂想家,Peach Reverie,피치 리버리,进阶系列 C07，适用 S/M/L/XL，可混批；法国 Robertet Group 进口香薰香精，底模香薰比例8%。,进阶系列 C07. Suitable for S/M/L/XL mixed wholesale; Robertet Group fragrance from France; fragrance ratio 8%.,进阶系列 C07. S/M/L/XL 혼합 도매 가능; 프랑스 Robertet Group 수입 향료; 향료 비율 8%.,来源于 2026 版批发产品手册第 2 页颜色展示区。颜色展示仅供参考，手工制作及拍摄光线可能存在轻微色差，最终以实物为准。,Sourced from the color reference section on page 2 of the 2026 wholesale manual. Color images are for reference only; handmade production and lighting may cause slight color differences.,2026 도매 제품 매뉴얼 2페이지 컬러 레퍼런스 기준입니다. 수작업 제작과 촬영 조명으로 실제 색상과 약간 다를 수 있습니다.,S,"S,M,L,XL",S:小花卷/细波纹/简约切线; M:经典花瓣/海浪卷/礼盒花型; L:大花瓣/层叠波纹/展陈花型; XL:大礼花/雕塑卷/陈列款,advanced,./images/products/ADV007/cover.webp,./images/products/ADV007/angle.webp,./images/products/ADV007/detail.webp,./images/products/ADV007/size-s.webp,./images/products/ADV007/size-m.webp,./images/products/ADV007/size-l.webp,./images/products/ADV007/size-xl.webp,,,,,,"进阶系列,Robertet,香薰比例8%,S/M/L/XL可混批","Advanced,Robertet,8% fragrance,S/M/L/XL mixable","어드밴스,Robertet,향료 8%,S/M/L/XL 혼합 가능",no,,2026-07-15,color-1,130,C07,进阶系列,2
ADV008,advanced,active,80,森潮,Forest Tide,포레스트 타이드,进阶系列 C08，适用 S/M/L/XL，可混批；法国 Robertet Group 进口香薰香精，底模香薰比例8%。,进阶系列 C08. Suitable for S/M/L/XL mixed wholesale; Robertet Group fragrance from France; fragrance ratio 8%.,进阶系列 C08. S/M/L/XL 혼합 도매 가능; 프랑스 Robertet Group 수입 향료; 향료 비율 8%.,来源于 2026 版批发产品手册第 2 页颜色展示区。颜色展示仅供参考，手工制作及拍摄光线可能存在轻微色差，最终以实物为准。,Sourced from the color reference section on page 2 of the 2026 wholesale manual. Color images are for reference only; handmade production and lighting may cause slight color differences.,2026 도매 제품 매뉴얼 2페이지 컬러 레퍼런스 기준입니다. 수작업 제작과 촬영 조명으로 실제 색상과 약간 다를 수 있습니다.,S,"S,M,L,XL",S:小花卷/细波纹/简约切线; M:经典花瓣/海浪卷/礼盒花型; L:大花瓣/层叠波纹/展陈花型; XL:大礼花/雕塑卷/陈列款,advanced,./images/products/ADV008/cover.webp,./images/products/ADV008/angle.webp,./images/products/ADV008/detail.webp,./images/products/ADV008/size-s.webp,./images/products/ADV008/size-m.webp,./images/products/ADV008/size-l.webp,./images/products/ADV008/size-xl.webp,,,,,,"进阶系列,Robertet,香薰比例8%,S/M/L/XL可混批","Advanced,Robertet,8% fragrance,S/M/L/XL mixable","어드밴스,Robertet,향료 8%,S/M/L/XL 혼합 가능",no,,2026-07-15,color-2,120,C08,进阶系列,2
ADV009,advanced,active,90,圣诞炉边,Fireside Christmas,파이어사이드 크리스마스,进阶系列 C09，适用 S/M/L/XL，可混批；法国 Robertet Group 进口香薰香精，底模香薰比例8%。,进阶系列 C09. Suitable for S/M/L/XL mixed wholesale; Robertet Group fragrance from France; fragrance ratio 8%.,进阶系列 C09. S/M/L/XL 혼합 도매 가능; 프랑스 Robertet Group 수입 향료; 향료 비율 8%.,来源于 2026 版批发产品手册第 2 页颜色展示区。颜色展示仅供参考，手工制作及拍摄光线可能存在轻微色差，最终以实物为准。,Sourced from the color reference section on page 2 of the 2026 wholesale manual. Color images are for reference only; handmade production and lighting may cause slight color differences.,2026 도매 제품 매뉴얼 2페이지 컬러 레퍼런스 기준입니다. 수작업 제작과 촬영 조명으로 실제 색상과 약간 다를 수 있습니다.,S,"S,M,L,XL",S:小花卷/细波纹/简约切线; M:经典花瓣/海浪卷/礼盒花型; L:大花瓣/层叠波纹/展陈花型; XL:大礼花/雕塑卷/陈列款,advanced,./images/products/ADV009/cover.webp,./images/products/ADV009/angle.webp,./images/products/ADV009/detail.webp,./images/products/ADV009/size-s.webp,./images/products/ADV009/size-m.webp,./images/products/ADV009/size-l.webp,./images/products/ADV009/size-xl.webp,,,,,,"进阶系列,Robertet,香薰比例8%,S/M/L/XL可混批","Advanced,Robertet,8% fragrance,S/M/L/XL mixable","어드밴스,Robertet,향료 8%,S/M/L/XL 혼합 가능",no,,2026-07-15,color-3,110,C09,进阶系列,2
ADV010,advanced,active,100,暖意,Gentle Warmth,따뜻한 온기,进阶系列 C10，适用 S/M/L/XL，可混批；法国 Robertet Group 进口香薰香精，底模香薰比例8%。,进阶系列 C10. Suitable for S/M/L/XL mixed wholesale; Robertet Group fragrance from France; fragrance ratio 8%.,进阶系列 C10. S/M/L/XL 혼합 도매 가능; 프랑스 Robertet Group 수입 향료; 향료 비율 8%.,来源于 2026 版批发产品手册第 2 页颜色展示区。颜色展示仅供参考，手工制作及拍摄光线可能存在轻微色差，最终以实物为准。,Sourced from the color reference section on page 2 of the 2026 wholesale manual. Color images are for reference only; handmade production and lighting may cause slight color differences.,2026 도매 제품 매뉴얼 2페이지 컬러 레퍼런스 기준입니다. 수작업 제작과 촬영 조명으로 실제 색상과 약간 다를 수 있습니다.,S,"S,M,L,XL",S:小花卷/细波纹/简约切线; M:经典花瓣/海浪卷/礼盒花型; L:大花瓣/层叠波纹/展陈花型; XL:大礼花/雕塑卷/陈列款,advanced,./images/products/ADV010/cover.webp,./images/products/ADV010/angle.webp,./images/products/ADV010/detail.webp,./images/products/ADV010/size-s.webp,./images/products/ADV010/size-m.webp,./images/products/ADV010/size-l.webp,./images/products/ADV010/size-xl.webp,,,,,,"进阶系列,Robertet,香薰比例8%,S/M/L/XL可混批","Advanced,Robertet,8% fragrance,S/M/L/XL mixable","어드밴스,Robertet,향료 8%,S/M/L/XL 혼합 가능",no,,2026-07-15,color-4,100,C10,进阶系列,2
ADV011,advanced,active,110,天青烟雨,Clear Sky Rain,맑은 하늘비,进阶系列 C11，适用 S/M/L/XL，可混批；法国 Robertet Group 进口香薰香精，底模香薰比例8%。,进阶系列 C11. Suitable for S/M/L/XL mixed wholesale; Robertet Group fragrance from France; fragrance ratio 8%.,进阶系列 C11. S/M/L/XL 혼합 도매 가능; 프랑스 Robertet Group 수입 향료; 향료 비율 8%.,来源于 2026 版批发产品手册第 2 页颜色展示区。颜色展示仅供参考，手工制作及拍摄光线可能存在轻微色差，最终以实物为准。,Sourced from the color reference section on page 2 of the 2026 wholesale manual. Color images are for reference only; handmade production and lighting may cause slight color differences.,2026 도매 제품 매뉴얼 2페이지 컬러 레퍼런스 기준입니다. 수작업 제작과 촬영 조명으로 실제 색상과 약간 다를 수 있습니다.,S,"S,M,L,XL",S:小花卷/细波纹/简约切线; M:经典花瓣/海浪卷/礼盒花型; L:大花瓣/层叠波纹/展陈花型; XL:大礼花/雕塑卷/陈列款,advanced,./images/products/ADV011/cover.webp,./images/products/ADV011/angle.webp,./images/products/ADV011/detail.webp,./images/products/ADV011/size-s.webp,./images/products/ADV011/size-m.webp,./images/products/ADV011/size-l.webp,./images/products/ADV011/size-xl.webp,,,,,,"进阶系列,Robertet,香薰比例8%,S/M/L/XL可混批","Advanced,Robertet,8% fragrance,S/M/L/XL mixable","어드밴스,Robertet,향료 8%,S/M/L/XL 혼합 가능",no,,2026-07-15,color-5,90,C11,进阶系列,2
ADV012,advanced,active,120,伊甸园,Eden,에덴,进阶系列 C12，适用 S/M/L/XL，可混批；法国 Robertet Group 进口香薰香精，底模香薰比例8%。,进阶系列 C12. Suitable for S/M/L/XL mixed wholesale; Robertet Group fragrance from France; fragrance ratio 8%.,进阶系列 C12. S/M/L/XL 혼합 도매 가능; 프랑스 Robertet Group 수입 향료; 향료 비율 8%.,来源于 2026 版批发产品手册第 2 页颜色展示区。颜色展示仅供参考，手工制作及拍摄光线可能存在轻微色差，最终以实物为准。,Sourced from the color reference section on page 2 of the 2026 wholesale manual. Color images are for reference only; handmade production and lighting may cause slight color differences.,2026 도매 제품 매뉴얼 2페이지 컬러 레퍼런스 기준입니다. 수작업 제작과 촬영 조명으로 실제 색상과 약간 다를 수 있습니다.,S,"S,M,L,XL",S:小花卷/细波纹/简约切线; M:经典花瓣/海浪卷/礼盒花型; L:大花瓣/层叠波纹/展陈花型; XL:大礼花/雕塑卷/陈列款,advanced,./images/products/ADV012/cover.webp,./images/products/ADV012/angle.webp,./images/products/ADV012/detail.webp,./images/products/ADV012/size-s.webp,./images/products/ADV012/size-m.webp,./images/products/ADV012/size-l.webp,./images/products/ADV012/size-xl.webp,,,,,,"进阶系列,Robertet,香薰比例8%,S/M/L/XL可混批","Advanced,Robertet,8% fragrance,S/M/L/XL mixable","어드밴스,Robertet,향료 8%,S/M/L/XL 혼합 가능",no,,2026-07-15,color-6,80,C12,进阶系列,2
ADV013,advanced,active,130,月光宝盒,Moonlit Treasure,문릿 트레저,进阶系列 C13，适用 S/M/L/XL，可混批；法国 Robertet Group 进口香薰香精，底模香薰比例8%。,进阶系列 C13. Suitable for S/M/L/XL mixed wholesale; Robertet Group fragrance from France; fragrance ratio 8%.,进阶系列 C13. S/M/L/XL 혼합 도매 가능; 프랑스 Robertet Group 수입 향료; 향료 비율 8%.,来源于 2026 版批发产品手册第 2 页颜色展示区。颜色展示仅供参考，手工制作及拍摄光线可能存在轻微色差，最终以实物为准。,Sourced from the color reference section on page 2 of the 2026 wholesale manual. Color images are for reference only; handmade production and lighting may cause slight color differences.,2026 도매 제품 매뉴얼 2페이지 컬러 레퍼런스 기준입니다. 수작업 제작과 촬영 조명으로 실제 색상과 약간 다를 수 있습니다.,S,"S,M,L,XL",S:小花卷/细波纹/简约切线; M:经典花瓣/海浪卷/礼盒花型; L:大花瓣/层叠波纹/展陈花型; XL:大礼花/雕塑卷/陈列款,advanced,./images/products/ADV013/cover.webp,./images/products/ADV013/angle.webp,./images/products/ADV013/detail.webp,./images/products/ADV013/size-s.webp,./images/products/ADV013/size-m.webp,./images/products/ADV013/size-l.webp,./images/products/ADV013/size-xl.webp,,,,,,"进阶系列,Robertet,香薰比例8%,S/M/L/XL可混批","Advanced,Robertet,8% fragrance,S/M/L/XL mixable","어드밴스,Robertet,향료 8%,S/M/L/XL 혼합 가능",no,,2026-07-15,color-1,70,C13,进阶系列,2
ADV014,advanced,active,140,宇宙摩卡,Cosmic Mocha,코스믹 모카,进阶系列 C14，适用 S/M/L/XL，可混批；法国 Robertet Group 进口香薰香精，底模香薰比例8%。,进阶系列 C14. Suitable for S/M/L/XL mixed wholesale; Robertet Group fragrance from France; fragrance ratio 8%.,进阶系列 C14. S/M/L/XL 혼합 도매 가능; 프랑스 Robertet Group 수입 향료; 향료 비율 8%.,来源于 2026 版批发产品手册第 2 页颜色展示区。颜色展示仅供参考，手工制作及拍摄光线可能存在轻微色差，最终以实物为准。,Sourced from the color reference section on page 2 of the 2026 wholesale manual. Color images are for reference only; handmade production and lighting may cause slight color differences.,2026 도매 제품 매뉴얼 2페이지 컬러 레퍼런스 기준입니다. 수작업 제작과 촬영 조명으로 실제 색상과 약간 다를 수 있습니다.,S,"S,M,L,XL",S:小花卷/细波纹/简约切线; M:经典花瓣/海浪卷/礼盒花型; L:大花瓣/层叠波纹/展陈花型; XL:大礼花/雕塑卷/陈列款,advanced,./images/products/ADV014/cover.webp,./images/products/ADV014/angle.webp,./images/products/ADV014/detail.webp,./images/products/ADV014/size-s.webp,./images/products/ADV014/size-m.webp,./images/products/ADV014/size-l.webp,./images/products/ADV014/size-xl.webp,,,,,,"进阶系列,Robertet,香薰比例8%,S/M/L/XL可混批","Advanced,Robertet,8% fragrance,S/M/L/XL mixable","어드밴스,Robertet,향료 8%,S/M/L/XL 혼합 가능",no,,2026-07-15,color-2,60,C14,进阶系列,2
ADV015,advanced,active,150,黄绿,Yellow Green,옐로 그린,进阶系列 C15，适用 S/M/L/XL，可混批；法国 Robertet Group 进口香薰香精，底模香薰比例8%。,进阶系列 C15. Suitable for S/M/L/XL mixed wholesale; Robertet Group fragrance from France; fragrance ratio 8%.,进阶系列 C15. S/M/L/XL 혼합 도매 가능; 프랑스 Robertet Group 수입 향료; 향료 비율 8%.,来源于 2026 版批发产品手册第 2 页颜色展示区。颜色展示仅供参考，手工制作及拍摄光线可能存在轻微色差，最终以实物为准。,Sourced from the color reference section on page 2 of the 2026 wholesale manual. Color images are for reference only; handmade production and lighting may cause slight color differences.,2026 도매 제품 매뉴얼 2페이지 컬러 레퍼런스 기준입니다. 수작업 제작과 촬영 조명으로 실제 색상과 약간 다를 수 있습니다.,S,"S,M,L,XL",S:小花卷/细波纹/简约切线; M:经典花瓣/海浪卷/礼盒花型; L:大花瓣/层叠波纹/展陈花型; XL:大礼花/雕塑卷/陈列款,advanced,./images/products/ADV015/cover.webp,./images/products/ADV015/angle.webp,./images/products/ADV015/detail.webp,./images/products/ADV015/size-s.webp,./images/products/ADV015/size-m.webp,./images/products/ADV015/size-l.webp,./images/products/ADV015/size-xl.webp,,,,,,"进阶系列,Robertet,香薰比例8%,S/M/L/XL可混批","Advanced,Robertet,8% fragrance,S/M/L/XL mixable","어드밴스,Robertet,향료 8%,S/M/L/XL 혼합 가능",no,,2026-07-15,color-3,50,C15,进阶系列,2
ADV016,advanced,active,160,阿尔的海洋,Arles Ocean,아를의 바다,进阶系列 C16，适用 S/M/L/XL，可混批；法国 Robertet Group 进口香薰香精，底模香薰比例8%。,进阶系列 C16. Suitable for S/M/L/XL mixed wholesale; Robertet Group fragrance from France; fragrance ratio 8%.,进阶系列 C16. S/M/L/XL 혼합 도매 가능; 프랑스 Robertet Group 수입 향료; 향료 비율 8%.,来源于 2026 版批发产品手册第 2 页颜色展示区。颜色展示仅供参考，手工制作及拍摄光线可能存在轻微色差，最终以实物为准。,Sourced from the color reference section on page 2 of the 2026 wholesale manual. Color images are for reference only; handmade production and lighting may cause slight color differences.,2026 도매 제품 매뉴얼 2페이지 컬러 레퍼런스 기준입니다. 수작업 제작과 촬영 조명으로 실제 색상과 약간 다를 수 있습니다.,S,"S,M,L,XL",S:小花卷/细波纹/简约切线; M:经典花瓣/海浪卷/礼盒花型; L:大花瓣/层叠波纹/展陈花型; XL:大礼花/雕塑卷/陈列款,advanced,./images/products/ADV016/cover.webp,./images/products/ADV016/angle.webp,./images/products/ADV016/detail.webp,./images/products/ADV016/size-s.webp,./images/products/ADV016/size-m.webp,./images/products/ADV016/size-l.webp,./images/products/ADV016/size-xl.webp,,,,,,"进阶系列,Robertet,香薰比例8%,S/M/L/XL可混批","Advanced,Robertet,8% fragrance,S/M/L/XL mixable","어드밴스,Robertet,향료 8%,S/M/L/XL 혼합 가능",no,,2026-07-15,color-4,40,C16,进阶系列,2
ADV017,advanced,active,170,苍烟落照,Dusky Afterglow,더스키 애프터글로우,进阶系列 C17，适用 S/M/L/XL，可混批；法国 Robertet Group 进口香薰香精，底模香薰比例8%。,进阶系列 C17. Suitable for S/M/L/XL mixed wholesale; Robertet Group fragrance from France; fragrance ratio 8%.,进阶系列 C17. S/M/L/XL 혼합 도매 가능; 프랑스 Robertet Group 수입 향료; 향료 비율 8%.,来源于 2026 版批发产品手册第 2 页颜色展示区。颜色展示仅供参考，手工制作及拍摄光线可能存在轻微色差，最终以实物为准。,Sourced from the color reference section on page 2 of the 2026 wholesale manual. Color images are for reference only; handmade production and lighting may cause slight color differences.,2026 도매 제품 매뉴얼 2페이지 컬러 레퍼런스 기준입니다. 수작업 제작과 촬영 조명으로 실제 색상과 약간 다를 수 있습니다.,S,"S,M,L,XL",S:小花卷/细波纹/简约切线; M:经典花瓣/海浪卷/礼盒花型; L:大花瓣/层叠波纹/展陈花型; XL:大礼花/雕塑卷/陈列款,advanced,./images/products/ADV017/cover.webp,./images/products/ADV017/angle.webp,./images/products/ADV017/detail.webp,./images/products/ADV017/size-s.webp,./images/products/ADV017/size-m.webp,./images/products/ADV017/size-l.webp,./images/products/ADV017/size-xl.webp,,,,,,"进阶系列,Robertet,香薰比例8%,S/M/L/XL可混批","Advanced,Robertet,8% fragrance,S/M/L/XL mixable","어드밴스,Robertet,향료 8%,S/M/L/XL 혼합 가능",no,,2026-07-15,color-5,30,C17,进阶系列,2
ADV018,advanced,active,180,候鸟遗岛,Migratory Isle,철새의 섬,进阶系列 C18，适用 S/M/L/XL，可混批；法国 Robertet Group 进口香薰香精，底模香薰比例8%。,进阶系列 C18. Suitable for S/M/L/XL mixed wholesale; Robertet Group fragrance from France; fragrance ratio 8%.,进阶系列 C18. S/M/L/XL 혼합 도매 가능; 프랑스 Robertet Group 수입 향료; 향료 비율 8%.,来源于 2026 版批发产品手册第 2 页颜色展示区。颜色展示仅供参考，手工制作及拍摄光线可能存在轻微色差，最终以实物为准。,Sourced from the color reference section on page 2 of the 2026 wholesale manual. Color images are for reference only; handmade production and lighting may cause slight color differences.,2026 도매 제품 매뉴얼 2페이지 컬러 레퍼런스 기준입니다. 수작업 제작과 촬영 조명으로 실제 색상과 약간 다를 수 있습니다.,S,"S,M,L,XL",S:小花卷/细波纹/简约切线; M:经典花瓣/海浪卷/礼盒花型; L:大花瓣/层叠波纹/展陈花型; XL:大礼花/雕塑卷/陈列款,advanced,./images/products/ADV018/cover.webp,./images/products/ADV018/angle.webp,./images/products/ADV018/detail.webp,./images/products/ADV018/size-s.webp,./images/products/ADV018/size-m.webp,./images/products/ADV018/size-l.webp,./images/products/ADV018/size-xl.webp,,,,,,"进阶系列,Robertet,香薰比例8%,S/M/L/XL可混批","Advanced,Robertet,8% fragrance,S/M/L/XL mixable","어드밴스,Robertet,향료 8%,S/M/L/XL 혼합 가능",no,,2026-07-15,color-6,20,C18,进阶系列,2
ADV019,advanced,active,190,加州之梦,California Dream,캘리포니아 드림,进阶系列 C19，适用 S/M/L/XL，可混批；法国 Robertet Group 进口香薰香精，底模香薰比例8%。,进阶系列 C19. Suitable for S/M/L/XL mixed wholesale; Robertet Group fragrance from France; fragrance ratio 8%.,进阶系列 C19. S/M/L/XL 혼합 도매 가능; 프랑스 Robertet Group 수입 향료; 향료 비율 8%.,来源于 2026 版批发产品手册第 2 页颜色展示区。颜色展示仅供参考，手工制作及拍摄光线可能存在轻微色差，最终以实物为准。,Sourced from the color reference section on page 2 of the 2026 wholesale manual. Color images are for reference only; handmade production and lighting may cause slight color differences.,2026 도매 제품 매뉴얼 2페이지 컬러 레퍼런스 기준입니다. 수작업 제작과 촬영 조명으로 실제 색상과 약간 다를 수 있습니다.,S,"S,M,L,XL",S:小花卷/细波纹/简约切线; M:经典花瓣/海浪卷/礼盒花型; L:大花瓣/层叠波纹/展陈花型; XL:大礼花/雕塑卷/陈列款,advanced,./images/products/ADV019/cover.webp,./images/products/ADV019/angle.webp,./images/products/ADV019/detail.webp,./images/products/ADV019/size-s.webp,./images/products/ADV019/size-m.webp,./images/products/ADV019/size-l.webp,./images/products/ADV019/size-xl.webp,,,,,,"进阶系列,Robertet,香薰比例8%,S/M/L/XL可混批","Advanced,Robertet,8% fragrance,S/M/L/XL mixable","어드밴스,Robertet,향료 8%,S/M/L/XL 혼합 가능",no,,2026-07-15,color-1,10,C19,进阶系列,2
MPC001,masterpiece,active,10,怦然心动,Heartbeat,설레는 마음,匠作系列 C20，适用 S/M/L/XL，可混批；美国 CandleScience 进口香薰精油，底模香薰比例10%。,匠作系列 C20. Suitable for S/M/L/XL mixed wholesale; CandleScience fragrance oil from the United States; fragrance ratio 10%.,匠作系列 C20. S/M/L/XL 혼합 도매 가능; 미국 CandleScience 수입 향료; 향료 비율 10%.,来源于 2026 版批发产品手册第 1 页颜色展示区。颜色展示仅供参考，手工制作及拍摄光线可能存在轻微色差，最终以实物为准。,Sourced from the color reference section on page 1 of the 2026 wholesale manual. Color images are for reference only; handmade production and lighting may cause slight color differences.,2026 도매 제품 매뉴얼 1페이지 컬러 레퍼런스 기준입니다. 수작업 제작과 촬영 조명으로 실제 색상과 약간 다를 수 있습니다.,S,"S,M,L,XL",S:小花卷/细波纹/简约切线; M:经典花瓣/海浪卷/礼盒花型; L:大花瓣/层叠波纹/展陈花型; XL:大礼花/雕塑卷/陈列款,masterpiece,./images/products/MPC001/cover.webp,./images/products/MPC001/angle.webp,./images/products/MPC001/detail.webp,./images/products/MPC001/size-s.webp,./images/products/MPC001/size-m.webp,./images/products/MPC001/size-l.webp,./images/products/MPC001/size-xl.webp,,,,,,"匠作系列,CandleScience,香薰比例10%,S/M/L/XL可混批","Masterpiece,CandleScience,10% fragrance,S/M/L/XL mixable","마스터피스,CandleScience,향료 10%,S/M/L/XL 혼합 가능",no,,2026-07-15,color-1,340,C20,匠作系列,1
MPC002,masterpiece,active,20,欢喜,Joy,환희,匠作系列 C21，适用 S/M/L/XL，可混批；美国 CandleScience 进口香薰精油，底模香薰比例10%。,匠作系列 C21. Suitable for S/M/L/XL mixed wholesale; CandleScience fragrance oil from the United States; fragrance ratio 10%.,匠作系列 C21. S/M/L/XL 혼합 도매 가능; 미국 CandleScience 수입 향료; 향료 비율 10%.,来源于 2026 版批发产品手册第 1 页颜色展示区。颜色展示仅供参考，手工制作及拍摄光线可能存在轻微色差，最终以实物为准。,Sourced from the color reference section on page 1 of the 2026 wholesale manual. Color images are for reference only; handmade production and lighting may cause slight color differences.,2026 도매 제품 매뉴얼 1페이지 컬러 레퍼런스 기준입니다. 수작업 제작과 촬영 조명으로 실제 색상과 약간 다를 수 있습니다.,S,"S,M,L,XL",S:小花卷/细波纹/简约切线; M:经典花瓣/海浪卷/礼盒花型; L:大花瓣/层叠波纹/展陈花型; XL:大礼花/雕塑卷/陈列款,masterpiece,./images/products/MPC002/cover.webp,./images/products/MPC002/angle.webp,./images/products/MPC002/detail.webp,./images/products/MPC002/size-s.webp,./images/products/MPC002/size-m.webp,./images/products/MPC002/size-l.webp,./images/products/MPC002/size-xl.webp,,,,,,"匠作系列,CandleScience,香薰比例10%,S/M/L/XL可混批","Masterpiece,CandleScience,10% fragrance,S/M/L/XL mixable","마스터피스,CandleScience,향료 10%,S/M/L/XL 혼합 가능",no,,2026-07-15,color-2,330,C21,匠作系列,1
MPC003,masterpiece,active,30,秘密花园,Secret Garden,비밀의 정원,匠作系列 C22，适用 S/M/L/XL，可混批；美国 CandleScience 进口香薰精油，底模香薰比例10%。,匠作系列 C22. Suitable for S/M/L/XL mixed wholesale; CandleScience fragrance oil from the United States; fragrance ratio 10%.,匠作系列 C22. S/M/L/XL 혼합 도매 가능; 미국 CandleScience 수입 향료; 향료 비율 10%.,来源于 2026 版批发产品手册第 1 页颜色展示区。颜色展示仅供参考，手工制作及拍摄光线可能存在轻微色差，最终以实物为准。,Sourced from the color reference section on page 1 of the 2026 wholesale manual. Color images are for reference only; handmade production and lighting may cause slight color differences.,2026 도매 제품 매뉴얼 1페이지 컬러 레퍼런스 기준입니다. 수작업 제작과 촬영 조명으로 실제 색상과 약간 다를 수 있습니다.,S,"S,M,L,XL",S:小花卷/细波纹/简约切线; M:经典花瓣/海浪卷/礼盒花型; L:大花瓣/层叠波纹/展陈花型; XL:大礼花/雕塑卷/陈列款,masterpiece,./images/products/MPC003/cover.webp,./images/products/MPC003/angle.webp,./images/products/MPC003/detail.webp,./images/products/MPC003/size-s.webp,./images/products/MPC003/size-m.webp,./images/products/MPC003/size-l.webp,./images/products/MPC003/size-xl.webp,,,,,,"匠作系列,CandleScience,香薰比例10%,S/M/L/XL可混批","Masterpiece,CandleScience,10% fragrance,S/M/L/XL mixable","마스터피스,CandleScience,향료 10%,S/M/L/XL 혼합 가능",no,,2026-07-15,color-3,320,C22,匠作系列,1
MPC004,masterpiece,active,40,黑糖拿铁,Brown Sugar Latte,흑당 라떼,匠作系列 C23，适用 S/M/L/XL，可混批；美国 CandleScience 进口香薰精油，底模香薰比例10%。,匠作系列 C23. Suitable for S/M/L/XL mixed wholesale; CandleScience fragrance oil from the United States; fragrance ratio 10%.,匠作系列 C23. S/M/L/XL 혼합 도매 가능; 미국 CandleScience 수입 향료; 향료 비율 10%.,来源于 2026 版批发产品手册第 1 页颜色展示区。颜色展示仅供参考，手工制作及拍摄光线可能存在轻微色差，最终以实物为准。,Sourced from the color reference section on page 1 of the 2026 wholesale manual. Color images are for reference only; handmade production and lighting may cause slight color differences.,2026 도매 제품 매뉴얼 1페이지 컬러 레퍼런스 기준입니다. 수작업 제작과 촬영 조명으로 실제 색상과 약간 다를 수 있습니다.,S,"S,M,L,XL",S:小花卷/细波纹/简约切线; M:经典花瓣/海浪卷/礼盒花型; L:大花瓣/层叠波纹/展陈花型; XL:大礼花/雕塑卷/陈列款,masterpiece,./images/products/MPC004/cover.webp,./images/products/MPC004/angle.webp,./images/products/MPC004/detail.webp,./images/products/MPC004/size-s.webp,./images/products/MPC004/size-m.webp,./images/products/MPC004/size-l.webp,./images/products/MPC004/size-xl.webp,,,,,,"匠作系列,CandleScience,香薰比例10%,S/M/L/XL可混批","Masterpiece,CandleScience,10% fragrance,S/M/L/XL mixable","마스터피스,CandleScience,향료 10%,S/M/L/XL 혼합 가능",no,,2026-07-15,color-4,310,C23,匠作系列,1
MPC005,masterpiece,active,50,静谧之夜,Silent Night,고요한 밤,匠作系列 C24，适用 S/M/L/XL，可混批；美国 CandleScience 进口香薰精油，底模香薰比例10%。,匠作系列 C24. Suitable for S/M/L/XL mixed wholesale; CandleScience fragrance oil from the United States; fragrance ratio 10%.,匠作系列 C24. S/M/L/XL 혼합 도매 가능; 미국 CandleScience 수입 향료; 향료 비율 10%.,来源于 2026 版批发产品手册第 1 页颜色展示区。颜色展示仅供参考，手工制作及拍摄光线可能存在轻微色差，最终以实物为准。,Sourced from the color reference section on page 1 of the 2026 wholesale manual. Color images are for reference only; handmade production and lighting may cause slight color differences.,2026 도매 제품 매뉴얼 1페이지 컬러 레퍼런스 기준입니다. 수작업 제작과 촬영 조명으로 실제 색상과 약간 다를 수 있습니다.,S,"S,M,L,XL",S:小花卷/细波纹/简约切线; M:经典花瓣/海浪卷/礼盒花型; L:大花瓣/层叠波纹/展陈花型; XL:大礼花/雕塑卷/陈列款,masterpiece,./images/products/MPC005/cover.webp,./images/products/MPC005/angle.webp,./images/products/MPC005/detail.webp,./images/products/MPC005/size-s.webp,./images/products/MPC005/size-m.webp,./images/products/MPC005/size-l.webp,./images/products/MPC005/size-xl.webp,,,,,,"匠作系列,CandleScience,香薰比例10%,S/M/L/XL可混批","Masterpiece,CandleScience,10% fragrance,S/M/L/XL mixable","마스터피스,CandleScience,향료 10%,S/M/L/XL 혼합 가능",no,,2026-07-15,color-5,300,C24,匠作系列,1
MPC006,masterpiece,active,60,伊莎贝拉,Isabella,이사벨라,匠作系列 C25，适用 S/M/L/XL，可混批；美国 CandleScience 进口香薰精油，底模香薰比例10%。,匠作系列 C25. Suitable for S/M/L/XL mixed wholesale; CandleScience fragrance oil from the United States; fragrance ratio 10%.,匠作系列 C25. S/M/L/XL 혼합 도매 가능; 미국 CandleScience 수입 향료; 향료 비율 10%.,来源于 2026 版批发产品手册第 1 页颜色展示区。颜色展示仅供参考，手工制作及拍摄光线可能存在轻微色差，最终以实物为准。,Sourced from the color reference section on page 1 of the 2026 wholesale manual. Color images are for reference only; handmade production and lighting may cause slight color differences.,2026 도매 제품 매뉴얼 1페이지 컬러 레퍼런스 기준입니다. 수작업 제작과 촬영 조명으로 실제 색상과 약간 다를 수 있습니다.,S,"S,M,L,XL",S:小花卷/细波纹/简约切线; M:经典花瓣/海浪卷/礼盒花型; L:大花瓣/层叠波纹/展陈花型; XL:大礼花/雕塑卷/陈列款,masterpiece,./images/products/MPC006/cover.webp,./images/products/MPC006/angle.webp,./images/products/MPC006/detail.webp,./images/products/MPC006/size-s.webp,./images/products/MPC006/size-m.webp,./images/products/MPC006/size-l.webp,./images/products/MPC006/size-xl.webp,,,,,,"匠作系列,CandleScience,香薰比例10%,S/M/L/XL可混批","Masterpiece,CandleScience,10% fragrance,S/M/L/XL mixable","마스터피스,CandleScience,향료 10%,S/M/L/XL 혼합 가능",no,,2026-07-15,color-6,290,C25,匠作系列,1
MPC007,masterpiece,active,70,浓情蔓越莓,Cranberry Rouge,크랜베리 루즈,匠作系列 C26，适用 S/M/L/XL，可混批；美国 CandleScience 进口香薰精油，底模香薰比例10%。,匠作系列 C26. Suitable for S/M/L/XL mixed wholesale; CandleScience fragrance oil from the United States; fragrance ratio 10%.,匠作系列 C26. S/M/L/XL 혼합 도매 가능; 미국 CandleScience 수입 향료; 향료 비율 10%.,来源于 2026 版批发产品手册第 1 页颜色展示区。颜色展示仅供参考，手工制作及拍摄光线可能存在轻微色差，最终以实物为准。,Sourced from the color reference section on page 1 of the 2026 wholesale manual. Color images are for reference only; handmade production and lighting may cause slight color differences.,2026 도매 제품 매뉴얼 1페이지 컬러 레퍼런스 기준입니다. 수작업 제작과 촬영 조명으로 실제 색상과 약간 다를 수 있습니다.,S,"S,M,L,XL",S:小花卷/细波纹/简约切线; M:经典花瓣/海浪卷/礼盒花型; L:大花瓣/层叠波纹/展陈花型; XL:大礼花/雕塑卷/陈列款,masterpiece,./images/products/MPC007/cover.webp,./images/products/MPC007/angle.webp,./images/products/MPC007/detail.webp,./images/products/MPC007/size-s.webp,./images/products/MPC007/size-m.webp,./images/products/MPC007/size-l.webp,./images/products/MPC007/size-xl.webp,,,,,,"匠作系列,CandleScience,香薰比例10%,S/M/L/XL可混批","Masterpiece,CandleScience,10% fragrance,S/M/L/XL mixable","마스터피스,CandleScience,향료 10%,S/M/L/XL 혼합 가능",no,,2026-07-15,color-1,280,C26,匠作系列,1
MPC008,masterpiece,active,80,蝴蝶夫人,Madame Butterfly,나비부인,匠作系列 C27，适用 S/M/L/XL，可混批；美国 CandleScience 进口香薰精油，底模香薰比例10%。,匠作系列 C27. Suitable for S/M/L/XL mixed wholesale; CandleScience fragrance oil from the United States; fragrance ratio 10%.,匠作系列 C27. S/M/L/XL 혼합 도매 가능; 미국 CandleScience 수입 향료; 향료 비율 10%.,来源于 2026 版批发产品手册第 1 页颜色展示区。颜色展示仅供参考，手工制作及拍摄光线可能存在轻微色差，最终以实物为准。,Sourced from the color reference section on page 1 of the 2026 wholesale manual. Color images are for reference only; handmade production and lighting may cause slight color differences.,2026 도매 제품 매뉴얼 1페이지 컬러 레퍼런스 기준입니다. 수작업 제작과 촬영 조명으로 실제 색상과 약간 다를 수 있습니다.,S,"S,M,L,XL",S:小花卷/细波纹/简约切线; M:经典花瓣/海浪卷/礼盒花型; L:大花瓣/层叠波纹/展陈花型; XL:大礼花/雕塑卷/陈列款,masterpiece,./images/products/MPC008/cover.webp,./images/products/MPC008/angle.webp,./images/products/MPC008/detail.webp,./images/products/MPC008/size-s.webp,./images/products/MPC008/size-m.webp,./images/products/MPC008/size-l.webp,./images/products/MPC008/size-xl.webp,,,,,,"匠作系列,CandleScience,香薰比例10%,S/M/L/XL可混批","Masterpiece,CandleScience,10% fragrance,S/M/L/XL mixable","마스터피스,CandleScience,향료 10%,S/M/L/XL 혼합 가능",no,,2026-07-15,color-2,270,C27,匠作系列,1
MPC009,masterpiece,active,90,繁花秘境,Blooming Wonderland,꽃의 비경,匠作系列 C28，适用 S/M/L/XL，可混批；美国 CandleScience 进口香薰精油，底模香薰比例10%。,匠作系列 C28. Suitable for S/M/L/XL mixed wholesale; CandleScience fragrance oil from the United States; fragrance ratio 10%.,匠作系列 C28. S/M/L/XL 혼합 도매 가능; 미국 CandleScience 수입 향료; 향료 비율 10%.,来源于 2026 版批发产品手册第 1 页颜色展示区。颜色展示仅供参考，手工制作及拍摄光线可能存在轻微色差，最终以实物为准。,Sourced from the color reference section on page 1 of the 2026 wholesale manual. Color images are for reference only; handmade production and lighting may cause slight color differences.,2026 도매 제품 매뉴얼 1페이지 컬러 레퍼런스 기준입니다. 수작업 제작과 촬영 조명으로 실제 색상과 약간 다를 수 있습니다.,S,"S,M,L,XL",S:小花卷/细波纹/简约切线; M:经典花瓣/海浪卷/礼盒花型; L:大花瓣/层叠波纹/展陈花型; XL:大礼花/雕塑卷/陈列款,masterpiece,./images/products/MPC009/cover.webp,./images/products/MPC009/angle.webp,./images/products/MPC009/detail.webp,./images/products/MPC009/size-s.webp,./images/products/MPC009/size-m.webp,./images/products/MPC009/size-l.webp,./images/products/MPC009/size-xl.webp,,,,,,"匠作系列,CandleScience,香薰比例10%,S/M/L/XL可混批","Masterpiece,CandleScience,10% fragrance,S/M/L/XL mixable","마스터피스,CandleScience,향료 10%,S/M/L/XL 혼합 가능",no,,2026-07-15,color-3,260,C28,匠作系列,1
MPC010,masterpiece,active,100,屿你,Island With You,너와 섬,匠作系列 C29，适用 S/M/L/XL，可混批；美国 CandleScience 进口香薰精油，底模香薰比例10%。,匠作系列 C29. Suitable for S/M/L/XL mixed wholesale; CandleScience fragrance oil from the United States; fragrance ratio 10%.,匠作系列 C29. S/M/L/XL 혼합 도매 가능; 미국 CandleScience 수입 향료; 향료 비율 10%.,来源于 2026 版批发产品手册第 1 页颜色展示区。颜色展示仅供参考，手工制作及拍摄光线可能存在轻微色差，最终以实物为准。,Sourced from the color reference section on page 1 of the 2026 wholesale manual. Color images are for reference only; handmade production and lighting may cause slight color differences.,2026 도매 제품 매뉴얼 1페이지 컬러 레퍼런스 기준입니다. 수작업 제작과 촬영 조명으로 실제 색상과 약간 다를 수 있습니다.,S,"S,M,L,XL",S:小花卷/细波纹/简约切线; M:经典花瓣/海浪卷/礼盒花型; L:大花瓣/层叠波纹/展陈花型; XL:大礼花/雕塑卷/陈列款,masterpiece,./images/products/MPC010/cover.webp,./images/products/MPC010/angle.webp,./images/products/MPC010/detail.webp,./images/products/MPC010/size-s.webp,./images/products/MPC010/size-m.webp,./images/products/MPC010/size-l.webp,./images/products/MPC010/size-xl.webp,,,,,,"匠作系列,CandleScience,香薰比例10%,S/M/L/XL可混批","Masterpiece,CandleScience,10% fragrance,S/M/L/XL mixable","마스터피스,CandleScience,향료 10%,S/M/L/XL 혼합 가능",no,,2026-07-15,color-4,250,C29,匠作系列,1
MPC011,masterpiece,active,110,小天狼星,Sirius,시리우스,匠作系列 C30，适用 S/M/L/XL，可混批；美国 CandleScience 进口香薰精油，底模香薰比例10%。,匠作系列 C30. Suitable for S/M/L/XL mixed wholesale; CandleScience fragrance oil from the United States; fragrance ratio 10%.,匠作系列 C30. S/M/L/XL 혼합 도매 가능; 미국 CandleScience 수입 향료; 향료 비율 10%.,来源于 2026 版批发产品手册第 1 页颜色展示区。颜色展示仅供参考，手工制作及拍摄光线可能存在轻微色差，最终以实物为准。,Sourced from the color reference section on page 1 of the 2026 wholesale manual. Color images are for reference only; handmade production and lighting may cause slight color differences.,2026 도매 제품 매뉴얼 1페이지 컬러 레퍼런스 기준입니다. 수작업 제작과 촬영 조명으로 실제 색상과 약간 다를 수 있습니다.,S,"S,M,L,XL",S:小花卷/细波纹/简约切线; M:经典花瓣/海浪卷/礼盒花型; L:大花瓣/层叠波纹/展陈花型; XL:大礼花/雕塑卷/陈列款,masterpiece,./images/products/MPC011/cover.webp,./images/products/MPC011/angle.webp,./images/products/MPC011/detail.webp,./images/products/MPC011/size-s.webp,./images/products/MPC011/size-m.webp,./images/products/MPC011/size-l.webp,./images/products/MPC011/size-xl.webp,,,,,,"匠作系列,CandleScience,香薰比例10%,S/M/L/XL可混批","Masterpiece,CandleScience,10% fragrance,S/M/L/XL mixable","마스터피스,CandleScience,향료 10%,S/M/L/XL 혼합 가능",no,,2026-07-15,color-5,240,C30,匠作系列,1
MPC012,masterpiece,active,120,星湉,Starry Serenity,별빛 고요,匠作系列 C31，适用 S/M/L/XL，可混批；美国 CandleScience 进口香薰精油，底模香薰比例10%。,匠作系列 C31. Suitable for S/M/L/XL mixed wholesale; CandleScience fragrance oil from the United States; fragrance ratio 10%.,匠作系列 C31. S/M/L/XL 혼합 도매 가능; 미국 CandleScience 수입 향료; 향료 비율 10%.,来源于 2026 版批发产品手册第 1 页颜色展示区。颜色展示仅供参考，手工制作及拍摄光线可能存在轻微色差，最终以实物为准。,Sourced from the color reference section on page 1 of the 2026 wholesale manual. Color images are for reference only; handmade production and lighting may cause slight color differences.,2026 도매 제품 매뉴얼 1페이지 컬러 레퍼런스 기준입니다. 수작업 제작과 촬영 조명으로 실제 색상과 약간 다를 수 있습니다.,S,"S,M,L,XL",S:小花卷/细波纹/简约切线; M:经典花瓣/海浪卷/礼盒花型; L:大花瓣/层叠波纹/展陈花型; XL:大礼花/雕塑卷/陈列款,masterpiece,./images/products/MPC012/cover.webp,./images/products/MPC012/angle.webp,./images/products/MPC012/detail.webp,./images/products/MPC012/size-s.webp,./images/products/MPC012/size-m.webp,./images/products/MPC012/size-l.webp,./images/products/MPC012/size-xl.webp,,,,,,"匠作系列,CandleScience,香薰比例10%,S/M/L/XL可混批","Masterpiece,CandleScience,10% fragrance,S/M/L/XL mixable","마스터피스,CandleScience,향료 10%,S/M/L/XL 혼합 가능",no,,2026-07-15,color-6,230,C31,匠作系列,1
MPC013,masterpiece,active,130,炽天使,Seraph,세라프,匠作系列 C32，适用 S/M/L/XL，可混批；美国 CandleScience 进口香薰精油，底模香薰比例10%。,匠作系列 C32. Suitable for S/M/L/XL mixed wholesale; CandleScience fragrance oil from the United States; fragrance ratio 10%.,匠作系列 C32. S/M/L/XL 혼합 도매 가능; 미국 CandleScience 수입 향료; 향료 비율 10%.,来源于 2026 版批发产品手册第 1 页颜色展示区。颜色展示仅供参考，手工制作及拍摄光线可能存在轻微色差，最终以实物为准。,Sourced from the color reference section on page 1 of the 2026 wholesale manual. Color images are for reference only; handmade production and lighting may cause slight color differences.,2026 도매 제품 매뉴얼 1페이지 컬러 레퍼런스 기준입니다. 수작업 제작과 촬영 조명으로 실제 색상과 약간 다를 수 있습니다.,S,"S,M,L,XL",S:小花卷/细波纹/简约切线; M:经典花瓣/海浪卷/礼盒花型; L:大花瓣/层叠波纹/展陈花型; XL:大礼花/雕塑卷/陈列款,masterpiece,./images/products/MPC013/cover.webp,./images/products/MPC013/angle.webp,./images/products/MPC013/detail.webp,./images/products/MPC013/size-s.webp,./images/products/MPC013/size-m.webp,./images/products/MPC013/size-l.webp,./images/products/MPC013/size-xl.webp,,,,,,"匠作系列,CandleScience,香薰比例10%,S/M/L/XL可混批","Masterpiece,CandleScience,10% fragrance,S/M/L/XL mixable","마스터피스,CandleScience,향료 10%,S/M/L/XL 혼합 가능",no,,2026-07-15,color-1,220,C32,匠作系列,1
MPC014,masterpiece,active,140,只此青绿,Celadon Green,청록의 순간,匠作系列 C33，适用 S/M/L/XL，可混批；美国 CandleScience 进口香薰精油，底模香薰比例10%。,匠作系列 C33. Suitable for S/M/L/XL mixed wholesale; CandleScience fragrance oil from the United States; fragrance ratio 10%.,匠作系列 C33. S/M/L/XL 혼합 도매 가능; 미국 CandleScience 수입 향료; 향료 비율 10%.,来源于 2026 版批发产品手册第 1 页颜色展示区。颜色展示仅供参考，手工制作及拍摄光线可能存在轻微色差，最终以实物为准。,Sourced from the color reference section on page 1 of the 2026 wholesale manual. Color images are for reference only; handmade production and lighting may cause slight color differences.,2026 도매 제품 매뉴얼 1페이지 컬러 레퍼런스 기준입니다. 수작업 제작과 촬영 조명으로 실제 색상과 약간 다를 수 있습니다.,S,"S,M,L,XL",S:小花卷/细波纹/简约切线; M:经典花瓣/海浪卷/礼盒花型; L:大花瓣/层叠波纹/展陈花型; XL:大礼花/雕塑卷/陈列款,masterpiece,./images/products/MPC014/cover.webp,./images/products/MPC014/angle.webp,./images/products/MPC014/detail.webp,./images/products/MPC014/size-s.webp,./images/products/MPC014/size-m.webp,./images/products/MPC014/size-l.webp,./images/products/MPC014/size-xl.webp,,,,,,"匠作系列,CandleScience,香薰比例10%,S/M/L/XL可混批","Masterpiece,CandleScience,10% fragrance,S/M/L/XL mixable","마스터피스,CandleScience,향료 10%,S/M/L/XL 혼합 가능",no,,2026-07-15,color-2,210,C33,匠作系列,1
MPC015,masterpiece,active,150,巴哈马幻境,Bahama Mirage,바하마 미라주,匠作系列 C34，适用 S/M/L/XL，可混批；美国 CandleScience 进口香薰精油，底模香薰比例10%。,匠作系列 C34. Suitable for S/M/L/XL mixed wholesale; CandleScience fragrance oil from the United States; fragrance ratio 10%.,匠作系列 C34. S/M/L/XL 혼합 도매 가능; 미국 CandleScience 수입 향료; 향료 비율 10%.,来源于 2026 版批发产品手册第 1 页颜色展示区。颜色展示仅供参考，手工制作及拍摄光线可能存在轻微色差，最终以实物为准。,Sourced from the color reference section on page 1 of the 2026 wholesale manual. Color images are for reference only; handmade production and lighting may cause slight color differences.,2026 도매 제품 매뉴얼 1페이지 컬러 레퍼런스 기준입니다. 수작업 제작과 촬영 조명으로 실제 색상과 약간 다를 수 있습니다.,S,"S,M,L,XL",S:小花卷/细波纹/简约切线; M:经典花瓣/海浪卷/礼盒花型; L:大花瓣/层叠波纹/展陈花型; XL:大礼花/雕塑卷/陈列款,masterpiece,./images/products/MPC015/cover.webp,./images/products/MPC015/angle.webp,./images/products/MPC015/detail.webp,./images/products/MPC015/size-s.webp,./images/products/MPC015/size-m.webp,./images/products/MPC015/size-l.webp,./images/products/MPC015/size-xl.webp,,,,,,"匠作系列,CandleScience,香薰比例10%,S/M/L/XL可混批","Masterpiece,CandleScience,10% fragrance,S/M/L/XL mixable","마스터피스,CandleScience,향료 10%,S/M/L/XL 혼합 가능",no,,2026-07-15,color-3,200,C34,匠作系列,1
MPC016,masterpiece,active,160,光遇,Light Encounter,빛의 만남,匠作系列 C35，适用 S/M/L/XL，可混批；美国 CandleScience 进口香薰精油，底模香薰比例10%。,匠作系列 C35. Suitable for S/M/L/XL mixed wholesale; CandleScience fragrance oil from the United States; fragrance ratio 10%.,匠作系列 C35. S/M/L/XL 혼합 도매 가능; 미국 CandleScience 수입 향료; 향료 비율 10%.,来源于 2026 版批发产品手册第 1 页颜色展示区。颜色展示仅供参考，手工制作及拍摄光线可能存在轻微色差，最终以实物为准。,Sourced from the color reference section on page 1 of the 2026 wholesale manual. Color images are for reference only; handmade production and lighting may cause slight color differences.,2026 도매 제품 매뉴얼 1페이지 컬러 레퍼런스 기준입니다. 수작업 제작과 촬영 조명으로 실제 색상과 약간 다를 수 있습니다.,S,"S,M,L,XL",S:小花卷/细波纹/简约切线; M:经典花瓣/海浪卷/礼盒花型; L:大花瓣/层叠波纹/展陈花型; XL:大礼花/雕塑卷/陈列款,masterpiece,./images/products/MPC016/cover.webp,./images/products/MPC016/angle.webp,./images/products/MPC016/detail.webp,./images/products/MPC016/size-s.webp,./images/products/MPC016/size-m.webp,./images/products/MPC016/size-l.webp,./images/products/MPC016/size-xl.webp,,,,,,"匠作系列,CandleScience,香薰比例10%,S/M/L/XL可混批","Masterpiece,CandleScience,10% fragrance,S/M/L/XL mixable","마스터피스,CandleScience,향료 10%,S/M/L/XL 혼합 가능",no,,2026-07-15,color-4,190,C35,匠作系列,1
MPC017,masterpiece,active,170,青青子衿,Qingqing Zijin,청청자금,匠作系列 C36，适用 S/M/L/XL，可混批；美国 CandleScience 进口香薰精油，底模香薰比例10%。,匠作系列 C36. Suitable for S/M/L/XL mixed wholesale; CandleScience fragrance oil from the United States; fragrance ratio 10%.,匠作系列 C36. S/M/L/XL 혼합 도매 가능; 미국 CandleScience 수입 향료; 향료 비율 10%.,来源于 2026 版批发产品手册第 1 页颜色展示区。颜色展示仅供参考，手工制作及拍摄光线可能存在轻微色差，最终以实物为准。,Sourced from the color reference section on page 1 of the 2026 wholesale manual. Color images are for reference only; handmade production and lighting may cause slight color differences.,2026 도매 제품 매뉴얼 1페이지 컬러 레퍼런스 기준입니다. 수작업 제작과 촬영 조명으로 실제 색상과 약간 다를 수 있습니다.,S,"S,M,L,XL",S:小花卷/细波纹/简约切线; M:经典花瓣/海浪卷/礼盒花型; L:大花瓣/层叠波纹/展陈花型; XL:大礼花/雕塑卷/陈列款,masterpiece,./images/products/MPC017/cover.webp,./images/products/MPC017/angle.webp,./images/products/MPC017/detail.webp,./images/products/MPC017/size-s.webp,./images/products/MPC017/size-m.webp,./images/products/MPC017/size-l.webp,./images/products/MPC017/size-xl.webp,,,,,,"匠作系列,CandleScience,香薰比例10%,S/M/L/XL可混批","Masterpiece,CandleScience,10% fragrance,S/M/L/XL mixable","마스터피스,CandleScience,향료 10%,S/M/L/XL 혼합 가능",no,,2026-07-15,color-5,180,C36,匠作系列,1
MPC018,masterpiece,active,180,迷雾,Mist,안개,匠作系列 C37，适用 S/M/L/XL，可混批；美国 CandleScience 进口香薰精油，底模香薰比例10%。,匠作系列 C37. Suitable for S/M/L/XL mixed wholesale; CandleScience fragrance oil from the United States; fragrance ratio 10%.,匠作系列 C37. S/M/L/XL 혼합 도매 가능; 미국 CandleScience 수입 향료; 향료 비율 10%.,来源于 2026 版批发产品手册第 1 页颜色展示区。颜色展示仅供参考，手工制作及拍摄光线可能存在轻微色差，最终以实物为准。,Sourced from the color reference section on page 1 of the 2026 wholesale manual. Color images are for reference only; handmade production and lighting may cause slight color differences.,2026 도매 제품 매뉴얼 1페이지 컬러 레퍼런스 기준입니다. 수작업 제작과 촬영 조명으로 실제 색상과 약간 다를 수 있습니다.,S,"S,M,L,XL",S:小花卷/细波纹/简约切线; M:经典花瓣/海浪卷/礼盒花型; L:大花瓣/层叠波纹/展陈花型; XL:大礼花/雕塑卷/陈列款,masterpiece,./images/products/MPC018/cover.webp,./images/products/MPC018/angle.webp,./images/products/MPC018/detail.webp,./images/products/MPC018/size-s.webp,./images/products/MPC018/size-m.webp,./images/products/MPC018/size-l.webp,./images/products/MPC018/size-xl.webp,,,,,,"匠作系列,CandleScience,香薰比例10%,S/M/L/XL可混批","Masterpiece,CandleScience,10% fragrance,S/M/L/XL mixable","마스터피스,CandleScience,향료 10%,S/M/L/XL 혼합 가능",no,,2026-07-15,color-6,170,C37,匠作系列,1
MPC019,masterpiece,active,190,橘子汽水,Orange Soda,오렌지 소다,匠作系列 C38，适用 S/M/L/XL，可混批；美国 CandleScience 进口香薰精油，底模香薰比例10%。,匠作系列 C38. Suitable for S/M/L/XL mixed wholesale; CandleScience fragrance oil from the United States; fragrance ratio 10%.,匠作系列 C38. S/M/L/XL 혼합 도매 가능; 미국 CandleScience 수입 향료; 향료 비율 10%.,来源于 2026 版批发产品手册第 1 页颜色展示区。颜色展示仅供参考，手工制作及拍摄光线可能存在轻微色差，最终以实物为准。,Sourced from the color reference section on page 1 of the 2026 wholesale manual. Color images are for reference only; handmade production and lighting may cause slight color differences.,2026 도매 제품 매뉴얼 1페이지 컬러 레퍼런스 기준입니다. 수작업 제작과 촬영 조명으로 실제 색상과 약간 다를 수 있습니다.,S,"S,M,L,XL",S:小花卷/细波纹/简约切线; M:经典花瓣/海浪卷/礼盒花型; L:大花瓣/层叠波纹/展陈花型; XL:大礼花/雕塑卷/陈列款,masterpiece,./images/products/MPC019/cover.webp,./images/products/MPC019/angle.webp,./images/products/MPC019/detail.webp,./images/products/MPC019/size-s.webp,./images/products/MPC019/size-m.webp,./images/products/MPC019/size-l.webp,./images/products/MPC019/size-xl.webp,,,,,,"匠作系列,CandleScience,香薰比例10%,S/M/L/XL可混批","Masterpiece,CandleScience,10% fragrance,S/M/L/XL mixable","마스터피스,CandleScience,향료 10%,S/M/L/XL 혼합 가능",no,,2026-07-15,color-1,160,C38,匠作系列,1
MPC020,masterpiece,active,200,月夜吟霜,Moonlit Frost,달밤의 서리,匠作系列 C39，适用 S/M/L/XL，可混批；美国 CandleScience 进口香薰精油，底模香薰比例10%。,匠作系列 C39. Suitable for S/M/L/XL mixed wholesale; CandleScience fragrance oil from the United States; fragrance ratio 10%.,匠作系列 C39. S/M/L/XL 혼합 도매 가능; 미국 CandleScience 수입 향료; 향료 비율 10%.,来源于 2026 版批发产品手册第 1 页颜色展示区。颜色展示仅供参考，手工制作及拍摄光线可能存在轻微色差，最终以实物为准。,Sourced from the color reference section on page 1 of the 2026 wholesale manual. Color images are for reference only; handmade production and lighting may cause slight color differences.,2026 도매 제품 매뉴얼 1페이지 컬러 레퍼런스 기준입니다. 수작업 제작과 촬영 조명으로 실제 색상과 약간 다를 수 있습니다.,S,"S,M,L,XL",S:小花卷/细波纹/简约切线; M:经典花瓣/海浪卷/礼盒花型; L:大花瓣/层叠波纹/展陈花型; XL:大礼花/雕塑卷/陈列款,masterpiece,./images/products/MPC020/cover.webp,./images/products/MPC020/angle.webp,./images/products/MPC020/detail.webp,./images/products/MPC020/size-s.webp,./images/products/MPC020/size-m.webp,./images/products/MPC020/size-l.webp,./images/products/MPC020/size-xl.webp,,,,,,"匠作系列,CandleScience,香薰比例10%,S/M/L/XL可混批","Masterpiece,CandleScience,10% fragrance,S/M/L/XL mixable","마스터피스,CandleScience,향료 10%,S/M/L/XL 혼합 가능",no,,2026-07-15,color-2,150,C39,匠作系列,1
MPC021,masterpiece,active,210,深海,Deep Sea,심해,匠作系列 C40，适用 S/M/L/XL，可混批；美国 CandleScience 进口香薰精油，底模香薰比例10%。,匠作系列 C40. Suitable for S/M/L/XL mixed wholesale; CandleScience fragrance oil from the United States; fragrance ratio 10%.,匠作系列 C40. S/M/L/XL 혼합 도매 가능; 미국 CandleScience 수입 향료; 향료 비율 10%.,来源于 2026 版批发产品手册第 1 页颜色展示区。颜色展示仅供参考，手工制作及拍摄光线可能存在轻微色差，最终以实物为准。,Sourced from the color reference section on page 1 of the 2026 wholesale manual. Color images are for reference only; handmade production and lighting may cause slight color differences.,2026 도매 제품 매뉴얼 1페이지 컬러 레퍼런스 기준입니다. 수작업 제작과 촬영 조명으로 실제 색상과 약간 다를 수 있습니다.,S,"S,M,L,XL",S:小花卷/细波纹/简约切线; M:经典花瓣/海浪卷/礼盒花型; L:大花瓣/层叠波纹/展陈花型; XL:大礼花/雕塑卷/陈列款,masterpiece,./images/products/MPC021/cover.webp,./images/products/MPC021/angle.webp,./images/products/MPC021/detail.webp,./images/products/MPC021/size-s.webp,./images/products/MPC021/size-m.webp,./images/products/MPC021/size-l.webp,./images/products/MPC021/size-xl.webp,,,,,,"匠作系列,CandleScience,香薰比例10%,S/M/L/XL可混批","Masterpiece,CandleScience,10% fragrance,S/M/L/XL mixable","마스터피스,CandleScience,향료 10%,S/M/L/XL 혼합 가능",no,,2026-07-15,color-3,140,C40,匠作系列,1
MPC022,masterpiece,active,220,喜欢你,Love You,좋아해,匠作系列 C41，适用 S/M/L/XL，可混批；美国 CandleScience 进口香薰精油，底模香薰比例10%。,匠作系列 C41. Suitable for S/M/L/XL mixed wholesale; CandleScience fragrance oil from the United States; fragrance ratio 10%.,匠作系列 C41. S/M/L/XL 혼합 도매 가능; 미국 CandleScience 수입 향료; 향료 비율 10%.,来源于 2026 版批发产品手册第 1 页颜色展示区。颜色展示仅供参考，手工制作及拍摄光线可能存在轻微色差，最终以实物为准。,Sourced from the color reference section on page 1 of the 2026 wholesale manual. Color images are for reference only; handmade production and lighting may cause slight color differences.,2026 도매 제품 매뉴얼 1페이지 컬러 레퍼런스 기준입니다. 수작업 제작과 촬영 조명으로 실제 색상과 약간 다를 수 있습니다.,S,"S,M,L,XL",S:小花卷/细波纹/简约切线; M:经典花瓣/海浪卷/礼盒花型; L:大花瓣/层叠波纹/展陈花型; XL:大礼花/雕塑卷/陈列款,masterpiece,./images/products/MPC022/cover.webp,./images/products/MPC022/angle.webp,./images/products/MPC022/detail.webp,./images/products/MPC022/size-s.webp,./images/products/MPC022/size-m.webp,./images/products/MPC022/size-l.webp,./images/products/MPC022/size-xl.webp,,,,,,"匠作系列,CandleScience,香薰比例10%,S/M/L/XL可混批","Masterpiece,CandleScience,10% fragrance,S/M/L/XL mixable","마스터피스,CandleScience,향료 10%,S/M/L/XL 혼합 가능",no,,2026-07-15,color-4,130,C41,匠作系列,1
MPC023,masterpiece,hidden,230,乐园,Paradise,낙원,匠作系列 C42，适用 S/M/L/XL，可混批；美国 CandleScience 进口香薰精油，底模香薰比例10%。,匠作系列 C42. Suitable for S/M/L/XL mixed wholesale; CandleScience fragrance oil from the United States; fragrance ratio 10%.,匠作系列 C42. S/M/L/XL 혼합 도매 가능; 미국 CandleScience 수입 향료; 향료 비율 10%.,来源于 2026 版批发产品手册第 1 页颜色展示区。颜色展示仅供参考，手工制作及拍摄光线可能存在轻微色差，最终以实物为准。,Sourced from the color reference section on page 1 of the 2026 wholesale manual. Color images are for reference only; handmade production and lighting may cause slight color differences.,2026 도매 제품 매뉴얼 1페이지 컬러 레퍼런스 기준입니다. 수작업 제작과 촬영 조명으로 실제 색상과 약간 다를 수 있습니다.,S,"S,M,L,XL",S:小花卷/细波纹/简约切线; M:经典花瓣/海浪卷/礼盒花型; L:大花瓣/层叠波纹/展陈花型; XL:大礼花/雕塑卷/陈列款,masterpiece,,,,,,,,,,,,,"匠作系列,CandleScience,香薰比例10%,S/M/L/XL可混批","Masterpiece,CandleScience,10% fragrance,S/M/L/XL mixable","마스터피스,CandleScience,향료 10%,S/M/L/XL 혼합 가능",no,,2026-07-14,color-5,120,C42,匠作系列,1
MPC024,masterpiece,hidden,240,鲸落星河,Whale Fall Galaxy,고래의 은하,匠作系列 C43，适用 S/M/L/XL，可混批；美国 CandleScience 进口香薰精油，底模香薰比例10%。,匠作系列 C43. Suitable for S/M/L/XL mixed wholesale; CandleScience fragrance oil from the United States; fragrance ratio 10%.,匠作系列 C43. S/M/L/XL 혼합 도매 가능; 미국 CandleScience 수입 향료; 향료 비율 10%.,来源于 2026 版批发产品手册第 1 页颜色展示区。颜色展示仅供参考，手工制作及拍摄光线可能存在轻微色差，最终以实物为准。,Sourced from the color reference section on page 1 of the 2026 wholesale manual. Color images are for reference only; handmade production and lighting may cause slight color differences.,2026 도매 제품 매뉴얼 1페이지 컬러 레퍼런스 기준입니다. 수작업 제작과 촬영 조명으로 실제 색상과 약간 다를 수 있습니다.,S,"S,M,L,XL",S:小花卷/细波纹/简约切线; M:经典花瓣/海浪卷/礼盒花型; L:大花瓣/层叠波纹/展陈花型; XL:大礼花/雕塑卷/陈列款,masterpiece,,,,,,,,,,,,,"匠作系列,CandleScience,香薰比例10%,S/M/L/XL可混批","Masterpiece,CandleScience,10% fragrance,S/M/L/XL mixable","마스터피스,CandleScience,향료 10%,S/M/L/XL 혼합 가능",no,,2026-07-14,color-6,110,C43,匠作系列,1
MPC025,masterpiece,hidden,250,海盐茉莉,Sea Salt Jasmine,씨솔트 자스민,匠作系列 C44，适用 S/M/L/XL，可混批；美国 CandleScience 进口香薰精油，底模香薰比例10%。,匠作系列 C44. Suitable for S/M/L/XL mixed wholesale; CandleScience fragrance oil from the United States; fragrance ratio 10%.,匠作系列 C44. S/M/L/XL 혼합 도매 가능; 미국 CandleScience 수입 향료; 향료 비율 10%.,来源于 2026 版批发产品手册第 1 页颜色展示区。颜色展示仅供参考，手工制作及拍摄光线可能存在轻微色差，最终以实物为准。,Sourced from the color reference section on page 1 of the 2026 wholesale manual. Color images are for reference only; handmade production and lighting may cause slight color differences.,2026 도매 제품 매뉴얼 1페이지 컬러 레퍼런스 기준입니다. 수작업 제작과 촬영 조명으로 실제 색상과 약간 다를 수 있습니다.,S,"S,M,L,XL",S:小花卷/细波纹/简约切线; M:经典花瓣/海浪卷/礼盒花型; L:大花瓣/层叠波纹/展陈花型; XL:大礼花/雕塑卷/陈列款,masterpiece,,,,,,,,,,,,,"匠作系列,CandleScience,香薰比例10%,S/M/L/XL可混批","Masterpiece,CandleScience,10% fragrance,S/M/L/XL mixable","마스터피스,CandleScience,향료 10%,S/M/L/XL 혼합 가능",no,,2026-07-14,color-1,100,C44,匠作系列,1
MPC026,masterpiece,hidden,260,一梦桃花源,Peach Blossom Dream,도화원 꿈,匠作系列 C45，适用 S/M/L/XL，可混批；美国 CandleScience 进口香薰精油，底模香薰比例10%。,匠作系列 C45. Suitable for S/M/L/XL mixed wholesale; CandleScience fragrance oil from the United States; fragrance ratio 10%.,匠作系列 C45. S/M/L/XL 혼합 도매 가능; 미국 CandleScience 수입 향료; 향료 비율 10%.,来源于 2026 版批发产品手册第 1 页颜色展示区。颜色展示仅供参考，手工制作及拍摄光线可能存在轻微色差，最终以实物为准。,Sourced from the color reference section on page 1 of the 2026 wholesale manual. Color images are for reference only; handmade production and lighting may cause slight color differences.,2026 도매 제품 매뉴얼 1페이지 컬러 레퍼런스 기준입니다. 수작업 제작과 촬영 조명으로 실제 색상과 약간 다를 수 있습니다.,S,"S,M,L,XL",S:小花卷/细波纹/简约切线; M:经典花瓣/海浪卷/礼盒花型; L:大花瓣/层叠波纹/展陈花型; XL:大礼花/雕塑卷/陈列款,masterpiece,,,,,,,,,,,,,"匠作系列,CandleScience,香薰比例10%,S/M/L/XL可混批","Masterpiece,CandleScience,10% fragrance,S/M/L/XL mixable","마스터피스,CandleScience,향료 10%,S/M/L/XL 혼합 가능",no,,2026-07-14,color-2,90,C45,匠作系列,1
MPC027,masterpiece,hidden,270,童话,Fairy Tale,동화,匠作系列 C46，适用 S/M/L/XL，可混批；美国 CandleScience 进口香薰精油，底模香薰比例10%。,匠作系列 C46. Suitable for S/M/L/XL mixed wholesale; CandleScience fragrance oil from the United States; fragrance ratio 10%.,匠作系列 C46. S/M/L/XL 혼합 도매 가능; 미국 CandleScience 수입 향료; 향료 비율 10%.,来源于 2026 版批发产品手册第 1 页颜色展示区。颜色展示仅供参考，手工制作及拍摄光线可能存在轻微色差，最终以实物为准。,Sourced from the color reference section on page 1 of the 2026 wholesale manual. Color images are for reference only; handmade production and lighting may cause slight color differences.,2026 도매 제품 매뉴얼 1페이지 컬러 레퍼런스 기준입니다. 수작업 제작과 촬영 조명으로 실제 색상과 약간 다를 수 있습니다.,S,"S,M,L,XL",S:小花卷/细波纹/简约切线; M:经典花瓣/海浪卷/礼盒花型; L:大花瓣/层叠波纹/展陈花型; XL:大礼花/雕塑卷/陈列款,masterpiece,,,,,,,,,,,,,"匠作系列,CandleScience,香薰比例10%,S/M/L/XL可混批","Masterpiece,CandleScience,10% fragrance,S/M/L/XL mixable","마스터피스,CandleScience,향료 10%,S/M/L/XL 혼합 가능",no,,2026-07-14,color-3,80,C46,匠作系列,1
MPC028,masterpiece,hidden,280,小熊维尼,Winnie Bear,위니 베어,匠作系列 C47，适用 S/M/L/XL，可混批；美国 CandleScience 进口香薰精油，底模香薰比例10%。,匠作系列 C47. Suitable for S/M/L/XL mixed wholesale; CandleScience fragrance oil from the United States; fragrance ratio 10%.,匠作系列 C47. S/M/L/XL 혼합 도매 가능; 미국 CandleScience 수입 향료; 향료 비율 10%.,来源于 2026 版批发产品手册第 1 页颜色展示区。颜色展示仅供参考，手工制作及拍摄光线可能存在轻微色差，最终以实物为准。,Sourced from the color reference section on page 1 of the 2026 wholesale manual. Color images are for reference only; handmade production and lighting may cause slight color differences.,2026 도매 제품 매뉴얼 1페이지 컬러 레퍼런스 기준입니다. 수작업 제작과 촬영 조명으로 실제 색상과 약간 다를 수 있습니다.,S,"S,M,L,XL",S:小花卷/细波纹/简约切线; M:经典花瓣/海浪卷/礼盒花型; L:大花瓣/层叠波纹/展陈花型; XL:大礼花/雕塑卷/陈列款,masterpiece,,,,,,,,,,,,,"匠作系列,CandleScience,香薰比例10%,S/M/L/XL可混批","Masterpiece,CandleScience,10% fragrance,S/M/L/XL mixable","마스터피스,CandleScience,향료 10%,S/M/L/XL 혼합 가능",no,,2026-07-14,color-4,70,C47,匠作系列,1
MPC029,masterpiece,hidden,290,夏梦,Summer Dream,여름 꿈,匠作系列 C48，适用 S/M/L/XL，可混批；美国 CandleScience 进口香薰精油，底模香薰比例10%。,匠作系列 C48. Suitable for S/M/L/XL mixed wholesale; CandleScience fragrance oil from the United States; fragrance ratio 10%.,匠作系列 C48. S/M/L/XL 혼합 도매 가능; 미국 CandleScience 수입 향료; 향료 비율 10%.,来源于 2026 版批发产品手册第 1 页颜色展示区。颜色展示仅供参考，手工制作及拍摄光线可能存在轻微色差，最终以实物为准。,Sourced from the color reference section on page 1 of the 2026 wholesale manual. Color images are for reference only; handmade production and lighting may cause slight color differences.,2026 도매 제품 매뉴얼 1페이지 컬러 레퍼런스 기준입니다. 수작업 제작과 촬영 조명으로 실제 색상과 약간 다를 수 있습니다.,S,"S,M,L,XL",S:小花卷/细波纹/简约切线; M:经典花瓣/海浪卷/礼盒花型; L:大花瓣/层叠波纹/展陈花型; XL:大礼花/雕塑卷/陈列款,masterpiece,,,,,,,,,,,,,"匠作系列,CandleScience,香薰比例10%,S/M/L/XL可混批","Masterpiece,CandleScience,10% fragrance,S/M/L/XL mixable","마스터피스,CandleScience,향료 10%,S/M/L/XL 혼합 가능",no,,2026-07-14,color-5,60,C48,匠作系列,1
MPC030,masterpiece,hidden,300,夜愿,Night Wish,밤의 소원,匠作系列 C49，适用 S/M/L/XL，可混批；美国 CandleScience 进口香薰精油，底模香薰比例10%。,匠作系列 C49. Suitable for S/M/L/XL mixed wholesale; CandleScience fragrance oil from the United States; fragrance ratio 10%.,匠作系列 C49. S/M/L/XL 혼합 도매 가능; 미국 CandleScience 수입 향료; 향료 비율 10%.,来源于 2026 版批发产品手册第 1 页颜色展示区。颜色展示仅供参考，手工制作及拍摄光线可能存在轻微色差，最终以实物为准。,Sourced from the color reference section on page 1 of the 2026 wholesale manual. Color images are for reference only; handmade production and lighting may cause slight color differences.,2026 도매 제품 매뉴얼 1페이지 컬러 레퍼런스 기준입니다. 수작업 제작과 촬영 조명으로 실제 색상과 약간 다를 수 있습니다.,S,"S,M,L,XL",S:小花卷/细波纹/简约切线; M:经典花瓣/海浪卷/礼盒花型; L:大花瓣/层叠波纹/展陈花型; XL:大礼花/雕塑卷/陈列款,masterpiece,,,,,,,,,,,,,"匠作系列,CandleScience,香薰比例10%,S/M/L/XL可混批","Masterpiece,CandleScience,10% fragrance,S/M/L/XL mixable","마스터피스,CandleScience,향료 10%,S/M/L/XL 혼합 가능",no,,2026-07-14,color-6,50,C49,匠作系列,1
MPC031,masterpiece,hidden,310,琉璃,Colored Glaze,유리빛,匠作系列 C50，适用 S/M/L/XL，可混批；美国 CandleScience 进口香薰精油，底模香薰比例10%。,匠作系列 C50. Suitable for S/M/L/XL mixed wholesale; CandleScience fragrance oil from the United States; fragrance ratio 10%.,匠作系列 C50. S/M/L/XL 혼합 도매 가능; 미국 CandleScience 수입 향료; 향료 비율 10%.,来源于 2026 版批发产品手册第 1 页颜色展示区。颜色展示仅供参考，手工制作及拍摄光线可能存在轻微色差，最终以实物为准。,Sourced from the color reference section on page 1 of the 2026 wholesale manual. Color images are for reference only; handmade production and lighting may cause slight color differences.,2026 도매 제품 매뉴얼 1페이지 컬러 레퍼런스 기준입니다. 수작업 제작과 촬영 조명으로 실제 색상과 약간 다를 수 있습니다.,S,"S,M,L,XL",S:小花卷/细波纹/简约切线; M:经典花瓣/海浪卷/礼盒花型; L:大花瓣/层叠波纹/展陈花型; XL:大礼花/雕塑卷/陈列款,masterpiece,,,,,,,,,,,,,"匠作系列,CandleScience,香薰比例10%,S/M/L/XL可混批","Masterpiece,CandleScience,10% fragrance,S/M/L/XL mixable","마스터피스,CandleScience,향료 10%,S/M/L/XL 혼합 가능",no,,2026-07-14,color-1,40,C50,匠作系列,1
MPC032,masterpiece,hidden,320,沙丘,Dune,모래언덕,匠作系列 C51，适用 S/M/L/XL，可混批；美国 CandleScience 进口香薰精油，底模香薰比例10%。,匠作系列 C51. Suitable for S/M/L/XL mixed wholesale; CandleScience fragrance oil from the United States; fragrance ratio 10%.,匠作系列 C51. S/M/L/XL 혼합 도매 가능; 미국 CandleScience 수입 향료; 향료 비율 10%.,来源于 2026 版批发产品手册第 1 页颜色展示区。颜色展示仅供参考，手工制作及拍摄光线可能存在轻微色差，最终以实物为准。,Sourced from the color reference section on page 1 of the 2026 wholesale manual. Color images are for reference only; handmade production and lighting may cause slight color differences.,2026 도매 제품 매뉴얼 1페이지 컬러 레퍼런스 기준입니다. 수작업 제작과 촬영 조명으로 실제 색상과 약간 다를 수 있습니다.,S,"S,M,L,XL",S:小花卷/细波纹/简约切线; M:经典花瓣/海浪卷/礼盒花型; L:大花瓣/层叠波纹/展陈花型; XL:大礼花/雕塑卷/陈列款,masterpiece,,,,,,,,,,,,,"匠作系列,CandleScience,香薰比例10%,S/M/L/XL可混批","Masterpiece,CandleScience,10% fragrance,S/M/L/XL mixable","마스터피스,CandleScience,향료 10%,S/M/L/XL 혼합 가능",no,,2026-07-14,color-2,30,C51,匠作系列,1
MPC033,masterpiece,hidden,330,小王子,Little Prince,어린 왕자,匠作系列 C52，适用 S/M/L/XL，可混批；美国 CandleScience 进口香薰精油，底模香薰比例10%。,匠作系列 C52. Suitable for S/M/L/XL mixed wholesale; CandleScience fragrance oil from the United States; fragrance ratio 10%.,匠作系列 C52. S/M/L/XL 혼합 도매 가능; 미국 CandleScience 수입 향료; 향료 비율 10%.,来源于 2026 版批发产品手册第 1 页颜色展示区。颜色展示仅供参考，手工制作及拍摄光线可能存在轻微色差，最终以实物为准。,Sourced from the color reference section on page 1 of the 2026 wholesale manual. Color images are for reference only; handmade production and lighting may cause slight color differences.,2026 도매 제품 매뉴얼 1페이지 컬러 레퍼런스 기준입니다. 수작업 제작과 촬영 조명으로 실제 색상과 약간 다를 수 있습니다.,S,"S,M,L,XL",S:小花卷/细波纹/简约切线; M:经典花瓣/海浪卷/礼盒花型; L:大花瓣/层叠波纹/展陈花型; XL:大礼花/雕塑卷/陈列款,masterpiece,,,,,,,,,,,,,"匠作系列,CandleScience,香薰比例10%,S/M/L/XL可混批","Masterpiece,CandleScience,10% fragrance,S/M/L/XL mixable","마스터피스,CandleScience,향료 10%,S/M/L/XL 혼합 가능",no,,2026-07-14,color-3,20,C52,匠作系列,1
MPC034,masterpiece,hidden,340,泡泡,Bubble,버블,匠作系列 C53，适用 S/M/L/XL，可混批；美国 CandleScience 进口香薰精油，底模香薰比例10%。,匠作系列 C53. Suitable for S/M/L/XL mixed wholesale; CandleScience fragrance oil from the United States; fragrance ratio 10%.,匠作系列 C53. S/M/L/XL 혼합 도매 가능; 미국 CandleScience 수입 향료; 향료 비율 10%.,来源于 2026 版批发产品手册第 1 页颜色展示区。颜色展示仅供参考，手工制作及拍摄光线可能存在轻微色差，最终以实物为准。,Sourced from the color reference section on page 1 of the 2026 wholesale manual. Color images are for reference only; handmade production and lighting may cause slight color differences.,2026 도매 제품 매뉴얼 1페이지 컬러 레퍼런스 기준입니다. 수작업 제작과 촬영 조명으로 실제 색상과 약간 다를 수 있습니다.,S,"S,M,L,XL",S:小花卷/细波纹/简约切线; M:经典花瓣/海浪卷/礼盒花型; L:大花瓣/层叠波纹/展陈花型; XL:大礼花/雕塑卷/陈列款,masterpiece,,,,,,,,,,,,,"匠作系列,CandleScience,香薰比例10%,S/M/L/XL可混批","Masterpiece,CandleScience,10% fragrance,S/M/L/XL mixable","마스터피스,CandleScience,향료 10%,S/M/L/XL 혼합 가능",no,,2026-07-14,color-4,10,C53,匠作系列,1
MPC035,masterpiece,placeholder,540,只此青绿 35,Celadon Green Carved Candle 35,청록의 순간 조각 캔들 35,匠作系列第 35 款，目前为数据结构占位内容，后续可替换为正式商品信息。,Placeholder product No. 35 in Masterpiece. Replace it later with the final product information.,"마스터피스 35번 상품입니다. 현재는 데이터 구조 확인용 자리표시자이며, 정식 상품 정보로 교체할 수 있습니다.",,,,L,"S,M,L,XL",S:小花卷/细波纹/简约切线; M:经典花瓣/海浪卷/礼盒花型; L:大花瓣/层叠波纹/展陈花型; XL:大礼花/雕塑卷/陈列款,masterpiece,,,,,,,,,,,,,,,,no,,2026-07-14,color-5,380,,匠作系列（未匹配）,
MPC036,masterpiece,placeholder,550,阿尔的海洋 36,Arles Ocean Carved Candle 36,아를의 바다 조각 캔들 36,匠作系列第 36 款，目前为数据结构占位内容，后续可替换为正式商品信息。,Placeholder product No. 36 in Masterpiece. Replace it later with the final product information.,"마스터피스 36번 상품입니다. 현재는 데이터 구조 확인용 자리표시자이며, 정식 상품 정보로 교체할 수 있습니다.",,,,XL,"S,M,L,XL",S:小花卷/细波纹/简约切线; M:经典花瓣/海浪卷/礼盒花型; L:大花瓣/层叠波纹/展陈花型; XL:大礼花/雕塑卷/陈列款,masterpiece,,,,,,,,,,,,,,,,no,,2026-07-14,color-6,370,,匠作系列（未匹配）,
MPC037,masterpiece,placeholder,560,暗黑彩虹 37,Noir Rainbow Carved Candle 37,누아르 레인보우 조각 캔들 37,匠作系列第 37 款，目前为数据结构占位内容，后续可替换为正式商品信息。,Placeholder product No. 37 in Masterpiece. Replace it later with the final product information.,"마스터피스 37번 상품입니다. 현재는 데이터 구조 확인용 자리표시자이며, 정식 상품 정보로 교체할 수 있습니다.",,,,S,"S,M,L,XL",S:小花卷/细波纹/简约切线; M:经典花瓣/海浪卷/礼盒花型; L:大花瓣/层叠波纹/展陈花型; XL:大礼花/雕塑卷/陈列款,masterpiece,,,,,,,,,,,,,,,,no,,2026-07-14,color-1,360,,匠作系列（未匹配）,
MPC038,masterpiece,placeholder,570,苍葭 38,Misty Reeds Carved Candle 38,안개 갈대 조각 캔들 38,匠作系列第 38 款，目前为数据结构占位内容，后续可替换为正式商品信息。,Placeholder product No. 38 in Masterpiece. Replace it later with the final product information.,"마스터피스 38번 상품입니다. 현재는 데이터 구조 확인용 자리표시자이며, 정식 상품 정보로 교체할 수 있습니다.",,,,M,"S,M,L,XL",S:小花卷/细波纹/简约切线; M:经典花瓣/海浪卷/礼盒花型; L:大花瓣/层叠波纹/展陈花型; XL:大礼花/雕塑卷/陈列款,masterpiece,,,,,,,,,,,,,,,,no,,2026-07-14,color-2,350,,匠作系列（未匹配）,
MPC039,masterpiece,placeholder,580,弗洛伊德 39,Freud Carved Candle 39,프로이트 조각 캔들 39,匠作系列第 39 款，目前为数据结构占位内容，后续可替换为正式商品信息。,Placeholder product No. 39 in Masterpiece. Replace it later with the final product information.,"마스터피스 39번 상품입니다. 현재는 데이터 구조 확인용 자리표시자이며, 정식 상품 정보로 교체할 수 있습니다.",,,,L,"S,M,L,XL",S:小花卷/细波纹/简约切线; M:经典花瓣/海浪卷/礼盒花型; L:大花瓣/层叠波纹/展陈花型; XL:大礼花/雕塑卷/陈列款,masterpiece,,,,,,,,,,,,,,,,no,,2026-07-14,color-3,340,,匠作系列（未匹配）,
MPC040,masterpiece,placeholder,590,黄金海岸 40,Golden Coast Carved Candle 40,골든 코스트 조각 캔들 40,匠作系列第 40 款，目前为数据结构占位内容，后续可替换为正式商品信息。,Placeholder product No. 40 in Masterpiece. Replace it later with the final product information.,"마스터피스 40번 상품입니다. 현재는 데이터 구조 확인용 자리표시자이며, 정식 상품 정보로 교체할 수 있습니다.",,,,XL,"S,M,L,XL",S:小花卷/细波纹/简约切线; M:经典花瓣/海浪卷/礼盒花型; L:大花瓣/层叠波纹/展陈花型; XL:大礼花/雕塑卷/陈列款,masterpiece,,,,,,,,,,,,,,,,no,,2026-07-14,color-4,330,,匠作系列（未匹配）,
MPC041,masterpiece,placeholder,600,苍烟落照 41,Dusky Afterglow Carved Candle 41,더스키 애프터글로우 조각 캔들 41,匠作系列第 41 款，目前为数据结构占位内容，后续可替换为正式商品信息。,Placeholder product No. 41 in Masterpiece. Replace it later with the final product information.,"마스터피스 41번 상품입니다. 현재는 데이터 구조 확인용 자리표시자이며, 정식 상품 정보로 교체할 수 있습니다.",,,,S,"S,M,L,XL",S:小花卷/细波纹/简约切线; M:经典花瓣/海浪卷/礼盒花型; L:大花瓣/层叠波纹/展陈花型; XL:大礼花/雕塑卷/陈列款,masterpiece,,,,,,,,,,,,,,,,no,,2026-07-14,color-5,320,,匠作系列（未匹配）,
MPC042,masterpiece,placeholder,610,候鸟遗岛 42,Migratory Isle Carved Candle 42,철새의 섬 조각 캔들 42,匠作系列第 42 款，目前为数据结构占位内容，后续可替换为正式商品信息。,Placeholder product No. 42 in Masterpiece. Replace it later with the final product information.,"마스터피스 42번 상품입니다. 현재는 데이터 구조 확인용 자리표시자이며, 정식 상품 정보로 교체할 수 있습니다.",,,,M,"S,M,L,XL",S:小花卷/细波纹/简约切线; M:经典花瓣/海浪卷/礼盒花型; L:大花瓣/层叠波纹/展陈花型; XL:大礼花/雕塑卷/陈列款,masterpiece,,,,,,,,,,,,,,,,no,,2026-07-14,color-6,310,,匠作系列（未匹配）,
MPC043,masterpiece,placeholder,620,加州之梦 43,California Dream Carved Candle 43,캘리포니아 드림 조각 캔들 43,匠作系列第 43 款，目前为数据结构占位内容，后续可替换为正式商品信息。,Placeholder product No. 43 in Masterpiece. Replace it later with the final product information.,"마스터피스 43번 상품입니다. 현재는 데이터 구조 확인용 자리표시자이며, 정식 상품 정보로 교체할 수 있습니다.",,,,L,"S,M,L,XL",S:小花卷/细波纹/简约切线; M:经典花瓣/海浪卷/礼盒花型; L:大花瓣/层叠波纹/展陈花型; XL:大礼花/雕塑卷/陈列款,masterpiece,,,,,,,,,,,,,,,,no,,2026-07-14,color-1,300,,匠作系列（未匹配）,
MPC044,masterpiece,placeholder,630,月光宝盒 44,Moonlit Treasure Carved Candle 44,문릿 트레저 조각 캔들 44,匠作系列第 44 款，目前为数据结构占位内容，后续可替换为正式商品信息。,Placeholder product No. 44 in Masterpiece. Replace it later with the final product information.,"마스터피스 44번 상품입니다. 현재는 데이터 구조 확인용 자리표시자이며, 정식 상품 정보로 교체할 수 있습니다.",,,,XL,"S,M,L,XL",S:小花卷/细波纹/简约切线; M:经典花瓣/海浪卷/礼盒花型; L:大花瓣/层叠波纹/展陈花型; XL:大礼花/雕塑卷/陈列款,masterpiece,,,,,,,,,,,,,,,,no,,2026-07-14,color-2,290,,匠作系列（未匹配）,
MPC045,masterpiece,placeholder,640,小天狼星 45,Sirius Carved Candle 45,시리우스 조각 캔들 45,匠作系列第 45 款，目前为数据结构占位内容，后续可替换为正式商品信息。,Placeholder product No. 45 in Masterpiece. Replace it later with the final product information.,"마스터피스 45번 상품입니다. 현재는 데이터 구조 확인용 자리표시자이며, 정식 상품 정보로 교체할 수 있습니다.",,,,S,"S,M,L,XL",S:小花卷/细波纹/简约切线; M:经典花瓣/海浪卷/礼盒花型; L:大花瓣/层叠波纹/展陈花型; XL:大礼花/雕塑卷/陈列款,masterpiece,,,,,,,,,,,,,,,,no,,2026-07-14,color-3,280,,匠作系列（未匹配）,
MPC046,masterpiece,placeholder,650,星黛露 46,Stella Lou Carved Candle 46,스텔라루 조각 캔들 46,匠作系列第 46 款，目前为数据结构占位内容，后续可替换为正式商品信息。,Placeholder product No. 46 in Masterpiece. Replace it later with the final product information.,"마스터피스 46번 상품입니다. 현재는 데이터 구조 확인용 자리표시자이며, 정식 상품 정보로 교체할 수 있습니다.",,,,M,"S,M,L,XL",S:小花卷/细波纹/简约切线; M:经典花瓣/海浪卷/礼盒花型; L:大花瓣/层叠波纹/展陈花型; XL:大礼花/雕塑卷/陈列款,masterpiece,,,,,,,,,,,,,,,,no,,2026-07-14,color-4,270,,匠作系列（未匹配）,
MPC047,masterpiece,placeholder,660,浓情蔓越莓 47,Cranberry Rouge Carved Candle 47,크랜베리 루즈 조각 캔들 47,匠作系列第 47 款，目前为数据结构占位内容，后续可替换为正式商品信息。,Placeholder product No. 47 in Masterpiece. Replace it later with the final product information.,"마스터피스 47번 상품입니다. 현재는 데이터 구조 확인용 자리표시자이며, 정식 상품 정보로 교체할 수 있습니다.",,,,L,"S,M,L,XL",S:小花卷/细波纹/简约切线; M:经典花瓣/海浪卷/礼盒花型; L:大花瓣/层叠波纹/展陈花型; XL:大礼花/雕塑卷/陈列款,masterpiece,,,,,,,,,,,,,,,,no,,2026-07-14,color-5,260,,匠作系列（未匹配）,
MPC048,masterpiece,placeholder,670,圣诞炉边 48,Fireside Christmas Carved Candle 48,파이어사이드 크리스마스 조각 캔들 48,匠作系列第 48 款，目前为数据结构占位内容，后续可替换为正式商品信息。,Placeholder product No. 48 in Masterpiece. Replace it later with the final product information.,"마스터피스 48번 상품입니다. 현재는 데이터 구조 확인용 자리표시자이며, 정식 상품 정보로 교체할 수 있습니다.",,,,XL,"S,M,L,XL",S:小花卷/细波纹/简约切线; M:经典花瓣/海浪卷/礼盒花型; L:大花瓣/层叠波纹/展陈花型; XL:大礼花/雕塑卷/陈列款,masterpiece,,,,,,,,,,,,,,,,no,,2026-07-14,color-6,250,,匠作系列（未匹配）,
MPC049,masterpiece,placeholder,680,森潮 49,Forest Tide Carved Candle 49,포레스트 타이드 조각 캔들 49,匠作系列第 49 款，目前为数据结构占位内容，后续可替换为正式商品信息。,Placeholder product No. 49 in Masterpiece. Replace it later with the final product information.,"마스터피스 49번 상품입니다. 현재는 데이터 구조 확인용 자리표시자이며, 정식 상품 정보로 교체할 수 있습니다.",,,,S,"S,M,L,XL",S:小花卷/细波纹/简约切线; M:经典花瓣/海浪卷/礼盒花型; L:大花瓣/层叠波纹/展陈花型; XL:大礼花/雕塑卷/陈列款,masterpiece,,,,,,,,,,,,,,,,no,,2026-07-14,color-1,240,,匠作系列（未匹配）,
MPC050,masterpiece,placeholder,690,宇宙摩卡 50,Cosmic Mocha Carved Candle 50,코스믹 모카 조각 캔들 50,匠作系列第 50 款，目前为数据结构占位内容，后续可替换为正式商品信息。,Placeholder product No. 50 in Masterpiece. Replace it later with the final product information.,"마스터피스 50번 상품입니다. 현재는 데이터 구조 확인용 자리표시자이며, 정식 상품 정보로 교체할 수 있습니다.",,,,M,"S,M,L,XL",S:小花卷/细波纹/简约切线; M:经典花瓣/海浪卷/礼盒花型; L:大花瓣/层叠波纹/展陈花型; XL:大礼花/雕塑卷/陈列款,masterpiece,,,,,,,,,,,,,,,,no,,2026-07-14,color-2,230,,匠作系列（未匹配）,
MPC051,masterpiece,placeholder,700,只此青绿 51,Celadon Green Carved Candle 51,청록의 순간 조각 캔들 51,匠作系列第 51 款，目前为数据结构占位内容，后续可替换为正式商品信息。,Placeholder product No. 51 in Masterpiece. Replace it later with the final product information.,"마스터피스 51번 상품입니다. 현재는 데이터 구조 확인용 자리표시자이며, 정식 상품 정보로 교체할 수 있습니다.",,,,L,"S,M,L,XL",S:小花卷/细波纹/简约切线; M:经典花瓣/海浪卷/礼盒花型; L:大花瓣/层叠波纹/展陈花型; XL:大礼花/雕塑卷/陈列款,masterpiece,,,,,,,,,,,,,,,,no,,2026-07-14,color-3,220,,匠作系列（未匹配）,
MPC052,masterpiece,placeholder,710,阿尔的海洋 52,Arles Ocean Carved Candle 52,아를의 바다 조각 캔들 52,匠作系列第 52 款，目前为数据结构占位内容，后续可替换为正式商品信息。,Placeholder product No. 52 in Masterpiece. Replace it later with the final product information.,"마스터피스 52번 상품입니다. 현재는 데이터 구조 확인용 자리표시자이며, 정식 상품 정보로 교체할 수 있습니다.",,,,XL,"S,M,L,XL",S:小花卷/细波纹/简约切线; M:经典花瓣/海浪卷/礼盒花型; L:大花瓣/层叠波纹/展陈花型; XL:大礼花/雕塑卷/陈列款,masterpiece,,,,,,,,,,,,,,,,no,,2026-07-14,color-4,210,,匠作系列（未匹配）,
MPC053,masterpiece,placeholder,720,暗黑彩虹 53,Noir Rainbow Carved Candle 53,누아르 레인보우 조각 캔들 53,匠作系列第 53 款，目前为数据结构占位内容，后续可替换为正式商品信息。,Placeholder product No. 53 in Masterpiece. Replace it later with the final product information.,"마스터피스 53번 상품입니다. 현재는 데이터 구조 확인용 자리표시자이며, 정식 상품 정보로 교체할 수 있습니다.",,,,S,"S,M,L,XL",S:小花卷/细波纹/简约切线; M:经典花瓣/海浪卷/礼盒花型; L:大花瓣/层叠波纹/展陈花型; XL:大礼花/雕塑卷/陈列款,masterpiece,,,,,,,,,,,,,,,,no,,2026-07-14,color-5,200,,匠作系列（未匹配）,
MPC054,masterpiece,placeholder,730,苍葭 54,Misty Reeds Carved Candle 54,안개 갈대 조각 캔들 54,匠作系列第 54 款，目前为数据结构占位内容，后续可替换为正式商品信息。,Placeholder product No. 54 in Masterpiece. Replace it later with the final product information.,"마스터피스 54번 상품입니다. 현재는 데이터 구조 확인용 자리표시자이며, 정식 상품 정보로 교체할 수 있습니다.",,,,M,"S,M,L,XL",S:小花卷/细波纹/简约切线; M:经典花瓣/海浪卷/礼盒花型; L:大花瓣/层叠波纹/展陈花型; XL:大礼花/雕塑卷/陈列款,masterpiece,,,,,,,,,,,,,,,,no,,2026-07-14,color-6,190,,匠作系列（未匹配）,
MPC055,masterpiece,placeholder,740,弗洛伊德 55,Freud Carved Candle 55,프로이트 조각 캔들 55,匠作系列第 55 款，目前为数据结构占位内容，后续可替换为正式商品信息。,Placeholder product No. 55 in Masterpiece. Replace it later with the final product information.,"마스터피스 55번 상품입니다. 현재는 데이터 구조 확인용 자리표시자이며, 정식 상품 정보로 교체할 수 있습니다.",,,,L,"S,M,L,XL",S:小花卷/细波纹/简约切线; M:经典花瓣/海浪卷/礼盒花型; L:大花瓣/层叠波纹/展陈花型; XL:大礼花/雕塑卷/陈列款,masterpiece,,,,,,,,,,,,,,,,no,,2026-07-14,color-1,180,,匠作系列（未匹配）,
MPC056,masterpiece,placeholder,750,黄金海岸 56,Golden Coast Carved Candle 56,골든 코스트 조각 캔들 56,匠作系列第 56 款，目前为数据结构占位内容，后续可替换为正式商品信息。,Placeholder product No. 56 in Masterpiece. Replace it later with the final product information.,"마스터피스 56번 상품입니다. 현재는 데이터 구조 확인용 자리표시자이며, 정식 상품 정보로 교체할 수 있습니다.",,,,XL,"S,M,L,XL",S:小花卷/细波纹/简约切线; M:经典花瓣/海浪卷/礼盒花型; L:大花瓣/层叠波纹/展陈花型; XL:大礼花/雕塑卷/陈列款,masterpiece,,,,,,,,,,,,,,,,no,,2026-07-14,color-2,170,,匠作系列（未匹配）,
MPC057,masterpiece,placeholder,760,苍烟落照 57,Dusky Afterglow Carved Candle 57,더스키 애프터글로우 조각 캔들 57,匠作系列第 57 款，目前为数据结构占位内容，后续可替换为正式商品信息。,Placeholder product No. 57 in Masterpiece. Replace it later with the final product information.,"마스터피스 57번 상품입니다. 현재는 데이터 구조 확인용 자리표시자이며, 정식 상품 정보로 교체할 수 있습니다.",,,,S,"S,M,L,XL",S:小花卷/细波纹/简约切线; M:经典花瓣/海浪卷/礼盒花型; L:大花瓣/层叠波纹/展陈花型; XL:大礼花/雕塑卷/陈列款,masterpiece,,,,,,,,,,,,,,,,no,,2026-07-14,color-3,160,,匠作系列（未匹配）,
MPC058,masterpiece,placeholder,770,候鸟遗岛 58,Migratory Isle Carved Candle 58,철새의 섬 조각 캔들 58,匠作系列第 58 款，目前为数据结构占位内容，后续可替换为正式商品信息。,Placeholder product No. 58 in Masterpiece. Replace it later with the final product information.,"마스터피스 58번 상품입니다. 현재는 데이터 구조 확인용 자리표시자이며, 정식 상품 정보로 교체할 수 있습니다.",,,,M,"S,M,L,XL",S:小花卷/细波纹/简约切线; M:经典花瓣/海浪卷/礼盒花型; L:大花瓣/层叠波纹/展陈花型; XL:大礼花/雕塑卷/陈列款,masterpiece,,,,,,,,,,,,,,,,no,,2026-07-14,color-4,150,,匠作系列（未匹配）,
MPC059,masterpiece,placeholder,780,加州之梦 59,California Dream Carved Candle 59,캘리포니아 드림 조각 캔들 59,匠作系列第 59 款，目前为数据结构占位内容，后续可替换为正式商品信息。,Placeholder product No. 59 in Masterpiece. Replace it later with the final product information.,"마스터피스 59번 상품입니다. 현재는 데이터 구조 확인용 자리표시자이며, 정식 상품 정보로 교체할 수 있습니다.",,,,L,"S,M,L,XL",S:小花卷/细波纹/简约切线; M:经典花瓣/海浪卷/礼盒花型; L:大花瓣/层叠波纹/展陈花型; XL:大礼花/雕塑卷/陈列款,masterpiece,,,,,,,,,,,,,,,,no,,2026-07-14,color-5,140,,匠作系列（未匹配）,
MPC060,masterpiece,placeholder,790,月光宝盒 60,Moonlit Treasure Carved Candle 60,문릿 트레저 조각 캔들 60,匠作系列第 60 款，目前为数据结构占位内容，后续可替换为正式商品信息。,Placeholder product No. 60 in Masterpiece. Replace it later with the final product information.,"마스터피스 60번 상품입니다. 현재는 데이터 구조 확인용 자리표시자이며, 정식 상품 정보로 교체할 수 있습니다.",,,,XL,"S,M,L,XL",S:小花卷/细波纹/简约切线; M:经典花瓣/海浪卷/礼盒花型; L:大花瓣/层叠波纹/展陈花型; XL:大礼花/雕塑卷/陈列款,masterpiece,,,,,,,,,,,,,,,,no,,2026-07-14,color-6,130,,匠作系列（未匹配）,
MPC061,masterpiece,placeholder,800,小天狼星 61,Sirius Carved Candle 61,시리우스 조각 캔들 61,匠作系列第 61 款，目前为数据结构占位内容，后续可替换为正式商品信息。,Placeholder product No. 61 in Masterpiece. Replace it later with the final product information.,"마스터피스 61번 상품입니다. 현재는 데이터 구조 확인용 자리표시자이며, 정식 상품 정보로 교체할 수 있습니다.",,,,S,"S,M,L,XL",S:小花卷/细波纹/简约切线; M:经典花瓣/海浪卷/礼盒花型; L:大花瓣/层叠波纹/展陈花型; XL:大礼花/雕塑卷/陈列款,masterpiece,,,,,,,,,,,,,,,,no,,2026-07-14,color-1,120,,匠作系列（未匹配）,
MPC062,masterpiece,placeholder,810,星黛露 62,Stella Lou Carved Candle 62,스텔라루 조각 캔들 62,匠作系列第 62 款，目前为数据结构占位内容，后续可替换为正式商品信息。,Placeholder product No. 62 in Masterpiece. Replace it later with the final product information.,"마스터피스 62번 상품입니다. 현재는 데이터 구조 확인용 자리표시자이며, 정식 상품 정보로 교체할 수 있습니다.",,,,M,"S,M,L,XL",S:小花卷/细波纹/简约切线; M:经典花瓣/海浪卷/礼盒花型; L:大花瓣/层叠波纹/展陈花型; XL:大礼花/雕塑卷/陈列款,masterpiece,,,,,,,,,,,,,,,,no,,2026-07-14,color-2,110,,匠作系列（未匹配）,
MPC063,masterpiece,placeholder,820,浓情蔓越莓 63,Cranberry Rouge Carved Candle 63,크랜베리 루즈 조각 캔들 63,匠作系列第 63 款，目前为数据结构占位内容，后续可替换为正式商品信息。,Placeholder product No. 63 in Masterpiece. Replace it later with the final product information.,"마스터피스 63번 상품입니다. 현재는 데이터 구조 확인용 자리표시자이며, 정식 상품 정보로 교체할 수 있습니다.",,,,L,"S,M,L,XL",S:小花卷/细波纹/简约切线; M:经典花瓣/海浪卷/礼盒花型; L:大花瓣/层叠波纹/展陈花型; XL:大礼花/雕塑卷/陈列款,masterpiece,,,,,,,,,,,,,,,,no,,2026-07-14,color-3,100,,匠作系列（未匹配）,
MPC064,masterpiece,placeholder,830,圣诞炉边 64,Fireside Christmas Carved Candle 64,파이어사이드 크리스마스 조각 캔들 64,匠作系列第 64 款，目前为数据结构占位内容，后续可替换为正式商品信息。,Placeholder product No. 64 in Masterpiece. Replace it later with the final product information.,"마스터피스 64번 상품입니다. 현재는 데이터 구조 확인용 자리표시자이며, 정식 상품 정보로 교체할 수 있습니다.",,,,XL,"S,M,L,XL",S:小花卷/细波纹/简约切线; M:经典花瓣/海浪卷/礼盒花型; L:大花瓣/层叠波纹/展陈花型; XL:大礼花/雕塑卷/陈列款,masterpiece,,,,,,,,,,,,,,,,no,,2026-07-14,color-4,90,,匠作系列（未匹配）,
MPC065,masterpiece,placeholder,840,森潮 65,Forest Tide Carved Candle 65,포레스트 타이드 조각 캔들 65,匠作系列第 65 款，目前为数据结构占位内容，后续可替换为正式商品信息。,Placeholder product No. 65 in Masterpiece. Replace it later with the final product information.,"마스터피스 65번 상품입니다. 현재는 데이터 구조 확인용 자리표시자이며, 정식 상품 정보로 교체할 수 있습니다.",,,,S,"S,M,L,XL",S:小花卷/细波纹/简约切线; M:经典花瓣/海浪卷/礼盒花型; L:大花瓣/层叠波纹/展陈花型; XL:大礼花/雕塑卷/陈列款,masterpiece,,,,,,,,,,,,,,,,no,,2026-07-14,color-5,80,,匠作系列（未匹配）,
MPC066,masterpiece,placeholder,850,宇宙摩卡 66,Cosmic Mocha Carved Candle 66,코스믹 모카 조각 캔들 66,匠作系列第 66 款，目前为数据结构占位内容，后续可替换为正式商品信息。,Placeholder product No. 66 in Masterpiece. Replace it later with the final product information.,"마스터피스 66번 상품입니다. 현재는 데이터 구조 확인용 자리표시자이며, 정식 상품 정보로 교체할 수 있습니다.",,,,M,"S,M,L,XL",S:小花卷/细波纹/简约切线; M:经典花瓣/海浪卷/礼盒花型; L:大花瓣/层叠波纹/展陈花型; XL:大礼花/雕塑卷/陈列款,masterpiece,,,,,,,,,,,,,,,,no,,2026-07-14,color-6,70,,匠作系列（未匹配）,
MPC067,masterpiece,placeholder,860,只此青绿 67,Celadon Green Carved Candle 67,청록의 순간 조각 캔들 67,匠作系列第 67 款，目前为数据结构占位内容，后续可替换为正式商品信息。,Placeholder product No. 67 in Masterpiece. Replace it later with the final product information.,"마스터피스 67번 상품입니다. 현재는 데이터 구조 확인용 자리표시자이며, 정식 상품 정보로 교체할 수 있습니다.",,,,L,"S,M,L,XL",S:小花卷/细波纹/简约切线; M:经典花瓣/海浪卷/礼盒花型; L:大花瓣/层叠波纹/展陈花型; XL:大礼花/雕塑卷/陈列款,masterpiece,,,,,,,,,,,,,,,,no,,2026-07-14,color-1,60,,匠作系列（未匹配）,
MPC068,masterpiece,placeholder,870,阿尔的海洋 68,Arles Ocean Carved Candle 68,아를의 바다 조각 캔들 68,匠作系列第 68 款，目前为数据结构占位内容，后续可替换为正式商品信息。,Placeholder product No. 68 in Masterpiece. Replace it later with the final product information.,"마스터피스 68번 상품입니다. 현재는 데이터 구조 확인용 자리표시자이며, 정식 상품 정보로 교체할 수 있습니다.",,,,XL,"S,M,L,XL",S:小花卷/细波纹/简约切线; M:经典花瓣/海浪卷/礼盒花型; L:大花瓣/层叠波纹/展陈花型; XL:大礼花/雕塑卷/陈列款,masterpiece,,,,,,,,,,,,,,,,no,,2026-07-14,color-2,50,,匠作系列（未匹配）,
MPC069,masterpiece,placeholder,880,暗黑彩虹 69,Noir Rainbow Carved Candle 69,누아르 레인보우 조각 캔들 69,匠作系列第 69 款，目前为数据结构占位内容，后续可替换为正式商品信息。,Placeholder product No. 69 in Masterpiece. Replace it later with the final product information.,"마스터피스 69번 상품입니다. 현재는 데이터 구조 확인용 자리표시자이며, 정식 상품 정보로 교체할 수 있습니다.",,,,S,"S,M,L,XL",S:小花卷/细波纹/简约切线; M:经典花瓣/海浪卷/礼盒花型; L:大花瓣/层叠波纹/展陈花型; XL:大礼花/雕塑卷/陈列款,masterpiece,,,,,,,,,,,,,,,,no,,2026-07-14,color-3,40,,匠作系列（未匹配）,
MPC070,masterpiece,placeholder,890,苍葭 70,Misty Reeds Carved Candle 70,안개 갈대 조각 캔들 70,匠作系列第 70 款，目前为数据结构占位内容，后续可替换为正式商品信息。,Placeholder product No. 70 in Masterpiece. Replace it later with the final product information.,"마스터피스 70번 상품입니다. 현재는 데이터 구조 확인용 자리표시자이며, 정식 상품 정보로 교체할 수 있습니다.",,,,M,"S,M,L,XL",S:小花卷/细波纹/简约切线; M:经典花瓣/海浪卷/礼盒花型; L:大花瓣/层叠波纹/展陈花型; XL:大礼花/雕塑卷/陈列款,masterpiece,,,,,,,,,,,,,,,,no,,2026-07-14,color-4,30,,匠作系列（未匹配）,
MPC071,masterpiece,placeholder,900,弗洛伊德 71,Freud Carved Candle 71,프로이트 조각 캔들 71,匠作系列第 71 款，目前为数据结构占位内容，后续可替换为正式商品信息。,Placeholder product No. 71 in Masterpiece. Replace it later with the final product information.,"마스터피스 71번 상품입니다. 현재는 데이터 구조 확인용 자리표시자이며, 정식 상품 정보로 교체할 수 있습니다.",,,,L,"S,M,L,XL",S:小花卷/细波纹/简约切线; M:经典花瓣/海浪卷/礼盒花型; L:大花瓣/层叠波纹/展陈花型; XL:大礼花/雕塑卷/陈列款,masterpiece,,,,,,,,,,,,,,,,no,,2026-07-14,color-5,20,,匠作系列（未匹配）,
MPC072,masterpiece,placeholder,910,黄金海岸 72,Golden Coast Carved Candle 72,골든 코스트 조각 캔들 72,匠作系列第 72 款，目前为数据结构占位内容，后续可替换为正式商品信息。,Placeholder product No. 72 in Masterpiece. Replace it later with the final product information.,"마스터피스 72번 상품입니다. 현재는 데이터 구조 확인용 자리표시자이며, 정식 상품 정보로 교체할 수 있습니다.",,,,XL,"S,M,L,XL",S:小花卷/细波纹/简约切线; M:经典花瓣/海浪卷/礼盒花型; L:大花瓣/层叠波纹/展陈花型; XL:大礼花/雕塑卷/陈列款,masterpiece,,,,,,,,,,,,,,,,no,,2026-07-14,color-6,10,,匠作系列（未匹配）,
HOL001,holiday,active,10,无白色雪花淋面圣诞,Christmas Carved Candle - No White Snowflake Drizzle,화이트 눈꽃 드리즐 없는 크리스마스,节日系列 C01，适用 S/M/L/XL，可混批；可选系列内所有香型，批发价格按所选系列香型定价，底模香薰比例按所选系列。,节日系列 C01. Suitable for S/M/L/XL mixed wholesale; Scents can be selected from available series; wholesale price follows the selected scent series; fragrance ratio 按所选系列.,节日系列 C01. S/M/L/XL 혼합 도매 가능; 선택한 향 시리즈 기준으로 가격이 적용됩니다; 향료 비율 按所选系列.,来源于 2026 版批发产品手册第 4 页颜色展示区。颜色展示仅供参考，手工制作及拍摄光线可能存在轻微色差，最终以实物为准。,Sourced from the color reference section on page 4 of the 2026 wholesale manual. Color images are for reference only; handmade production and lighting may cause slight color differences.,2026 도매 제품 매뉴얼 4페이지 컬러 레퍼런스 기준입니다. 수작업 제작과 촬영 조명으로 실제 색상과 약간 다를 수 있습니다.,S,"S,M,L,XL",S:小花卷/细波纹/简约切线; M:经典花瓣/海浪卷/礼盒花型; L:大花瓣/层叠波纹/展陈花型; XL:大礼花/雕塑卷/陈列款,"classic,advanced,masterpiece",./images/products/HOL001/cover.webp,./images/products/HOL001/angle.webp,./images/products/HOL001/detail.webp,./images/products/HOL001/size-s.webp,./images/products/HOL001/size-m.webp,./images/products/HOL001/size-l.webp,./images/products/HOL001/size-xl.webp,,,,,,"节日系列,可选香型系列,S/M/L/XL可混批","Holiday,Christmas,selectable scent series,S/M/L/XL mixable","시즌,크리스마스,향 시리즈 선택 가능,S/M/L/XL 혼합 가능",no,,2026-07-23,color-1,160,C01,节日系列,4
HOL002,holiday,active,20,无白色雪花淋面圣诞,Christmas Carved Candle - No White Snowflake Drizzle,화이트 눈꽃 드리즐 없는 크리스마스,节日系列 C02，适用 S/M/L/XL，可混批；可选系列内所有香型，批发价格按所选系列香型定价，底模香薰比例按所选系列。,节日系列 C02. Suitable for S/M/L/XL mixed wholesale; Scents can be selected from available series; wholesale price follows the selected scent series; fragrance ratio 按所选系列.,节日系列 C02. S/M/L/XL 혼합 도매 가능; 선택한 향 시리즈 기준으로 가격이 적용됩니다; 향료 비율 按所选系列.,来源于 2026 版批发产品手册第 4 页颜色展示区。颜色展示仅供参考，手工制作及拍摄光线可能存在轻微色差，最终以实物为准。,Sourced from the color reference section on page 4 of the 2026 wholesale manual. Color images are for reference only; handmade production and lighting may cause slight color differences.,2026 도매 제품 매뉴얼 4페이지 컬러 레퍼런스 기준입니다. 수작업 제작과 촬영 조명으로 실제 색상과 약간 다를 수 있습니다.,S,"S,M,L,XL",S:小花卷/细波纹/简约切线; M:经典花瓣/海浪卷/礼盒花型; L:大花瓣/层叠波纹/展陈花型; XL:大礼花/雕塑卷/陈列款,"classic,advanced,masterpiece",./images/products/HOL002/cover.webp,,,,,,,,,,,,"节日系列,可选香型系列,S/M/L/XL可混批","Holiday,Christmas,selectable scent series,S/M/L/XL mixable","시즌,크리스마스,향 시리즈 선택 가능,S/M/L/XL 혼합 가능",no,,2026-07-23,color-2,150,C02,节日系列,4
HOL003,holiday,active,30,C03,Christmas Carved Candle C03,크리스마스 조각 캔들 C03,节日系列 C03，适用 S/M/L/XL，可混批；可选系列内所有香型，批发价格按所选系列香型定价，底模香薰比例按所选系列。,节日系列 C03. Suitable for S/M/L/XL mixed wholesale; Scents can be selected from available series; wholesale price follows the selected scent series; fragrance ratio 按所选系列.,节日系列 C03. S/M/L/XL 혼합 도매 가능; 선택한 향 시리즈 기준으로 가격이 적용됩니다; 향료 비율 按所选系列.,来源于 2026 版批发产品手册第 4 页颜色展示区。颜色展示仅供参考，手工制作及拍摄光线可能存在轻微色差，最终以实物为准。,Sourced from the color reference section on page 4 of the 2026 wholesale manual. Color images are for reference only; handmade production and lighting may cause slight color differences.,2026 도매 제품 매뉴얼 4페이지 컬러 레퍼런스 기준입니다. 수작업 제작과 촬영 조명으로 실제 색상과 약간 다를 수 있습니다.,S,"S,M,L,XL",S:小花卷/细波纹/简约切线; M:经典花瓣/海浪卷/礼盒花型; L:大花瓣/层叠波纹/展陈花型; XL:大礼花/雕塑卷/陈列款,"classic,advanced,masterpiece",./images/products/HOL003/cover.webp,,,,,,,,,,,,"节日系列,可选香型系列,S/M/L/XL可混批","Holiday,Christmas,selectable scent series,S/M/L/XL mixable","시즌,크리스마스,향 시리즈 선택 가능,S/M/L/XL 혼합 가능",no,,2026-07-23,color-3,140,C03,节日系列,4
HOL004,holiday,active,40,C04,Christmas Carved Candle C04,크리스마스 조각 캔들 C04,节日系列 C04，适用 S/M/L/XL，可混批；可选系列内所有香型，批发价格按所选系列香型定价，底模香薰比例按所选系列。,节日系列 C04. Suitable for S/M/L/XL mixed wholesale; Scents can be selected from available series; wholesale price follows the selected scent series; fragrance ratio 按所选系列.,节日系列 C04. S/M/L/XL 혼합 도매 가능; 선택한 향 시리즈 기준으로 가격이 적용됩니다; 향료 비율 按所选系列.,来源于 2026 版批发产品手册第 4 页颜色展示区。颜色展示仅供参考，手工制作及拍摄光线可能存在轻微色差，最终以实物为准。,Sourced from the color reference section on page 4 of the 2026 wholesale manual. Color images are for reference only; handmade production and lighting may cause slight color differences.,2026 도매 제품 매뉴얼 4페이지 컬러 레퍼런스 기준입니다. 수작업 제작과 촬영 조명으로 실제 색상과 약간 다를 수 있습니다.,S,"S,M,L,XL",S:小花卷/细波纹/简约切线; M:经典花瓣/海浪卷/礼盒花型; L:大花瓣/层叠波纹/展陈花型; XL:大礼花/雕塑卷/陈列款,"classic,advanced,masterpiece",./images/products/HOL004/cover.webp,,,,,,,,,,,,"节日系列,可选香型系列,S/M/L/XL可混批","Holiday,Christmas,selectable scent series,S/M/L/XL mixable","시즌,크리스마스,향 시리즈 선택 가능,S/M/L/XL 혼합 가능",no,,2026-07-23,color-4,130,C04,节日系列,4
HOL005,holiday,active,50,C05,Christmas Carved Candle C05,크리스마스 조각 캔들 C05,节日系列 C05，适用 S/M/L/XL，可混批；可选系列内所有香型，批发价格按所选系列香型定价，底模香薰比例按所选系列。,节日系列 C05. Suitable for S/M/L/XL mixed wholesale; Scents can be selected from available series; wholesale price follows the selected scent series; fragrance ratio 按所选系列.,节日系列 C05. S/M/L/XL 혼합 도매 가능; 선택한 향 시리즈 기준으로 가격이 적용됩니다; 향료 비율 按所选系列.,来源于 2026 版批发产品手册第 4 页颜色展示区。颜色展示仅供参考，手工制作及拍摄光线可能存在轻微色差，最终以实物为准。,Sourced from the color reference section on page 4 of the 2026 wholesale manual. Color images are for reference only; handmade production and lighting may cause slight color differences.,2026 도매 제품 매뉴얼 4페이지 컬러 레퍼런스 기준입니다. 수작업 제작과 촬영 조명으로 실제 색상과 약간 다를 수 있습니다.,S,"S,M,L,XL",S:小花卷/细波纹/简约切线; M:经典花瓣/海浪卷/礼盒花型; L:大花瓣/层叠波纹/展陈花型; XL:大礼花/雕塑卷/陈列款,"classic,advanced,masterpiece",./images/products/HOL005/cover.webp,,,,,,,,,,,,"节日系列,可选香型系列,S/M/L/XL可混批","Holiday,Christmas,selectable scent series,S/M/L/XL mixable","시즌,크리스마스,향 시리즈 선택 가능,S/M/L/XL 혼합 가능",no,,2026-07-23,color-5,120,C05,节日系列,4
HOL006,holiday,active,60,C06,Christmas Carved Candle C06,크리스마스 조각 캔들 C06,节日系列 C06，适用 S/M/L/XL，可混批；可选系列内所有香型，批发价格按所选系列香型定价，底模香薰比例按所选系列。,节日系列 C06. Suitable for S/M/L/XL mixed wholesale; Scents can be selected from available series; wholesale price follows the selected scent series; fragrance ratio 按所选系列.,节日系列 C06. S/M/L/XL 혼합 도매 가능; 선택한 향 시리즈 기준으로 가격이 적용됩니다; 향료 비율 按所选系列.,来源于 2026 版批发产品手册第 4 页颜色展示区。颜色展示仅供参考，手工制作及拍摄光线可能存在轻微色差，最终以实物为准。,Sourced from the color reference section on page 4 of the 2026 wholesale manual. Color images are for reference only; handmade production and lighting may cause slight color differences.,2026 도매 제품 매뉴얼 4페이지 컬러 레퍼런스 기준입니다. 수작업 제작과 촬영 조명으로 실제 색상과 약간 다를 수 있습니다.,S,"S,M,L,XL",S:小花卷/细波纹/简约切线; M:经典花瓣/海浪卷/礼盒花型; L:大花瓣/层叠波纹/展陈花型; XL:大礼花/雕塑卷/陈列款,"classic,advanced,masterpiece",./images/products/HOL006/cover.webp,,,,,,,,,,,,"节日系列,可选香型系列,S/M/L/XL可混批","Holiday,Christmas,selectable scent series,S/M/L/XL mixable","시즌,크리스마스,향 시리즈 선택 가능,S/M/L/XL 혼합 가능",no,,2026-07-23,color-6,110,C06,节日系列,4
HOL007,holiday,active,70,C07,Christmas Carved Candle C07,크리스마스 조각 캔들 C07,节日系列 C07，适用 S/M/L/XL，可混批；可选系列内所有香型，批发价格按所选系列香型定价，底模香薰比例按所选系列。,节日系列 C07. Suitable for S/M/L/XL mixed wholesale; Scents can be selected from available series; wholesale price follows the selected scent series; fragrance ratio 按所选系列.,节日系列 C07. S/M/L/XL 혼합 도매 가능; 선택한 향 시리즈 기준으로 가격이 적용됩니다; 향료 비율 按所选系列.,来源于 2026 版批发产品手册第 4 页颜色展示区。颜色展示仅供参考，手工制作及拍摄光线可能存在轻微色差，最终以实物为准。,Sourced from the color reference section on page 4 of the 2026 wholesale manual. Color images are for reference only; handmade production and lighting may cause slight color differences.,2026 도매 제품 매뉴얼 4페이지 컬러 레퍼런스 기준입니다. 수작업 제작과 촬영 조명으로 실제 색상과 약간 다를 수 있습니다.,S,"S,M,L,XL",S:小花卷/细波纹/简约切线; M:经典花瓣/海浪卷/礼盒花型; L:大花瓣/层叠波纹/展陈花型; XL:大礼花/雕塑卷/陈列款,"classic,advanced,masterpiece",./images/products/HOL007/cover.webp,,,,,,,,,,,,"节日系列,可选香型系列,S/M/L/XL可混批","Holiday,Christmas,selectable scent series,S/M/L/XL mixable","시즌,크리스마스,향 시리즈 선택 가능,S/M/L/XL 혼합 가능",no,,2026-07-23,color-1,100,C07,节日系列,4
HOL008,holiday,active,80,C08,Christmas Carved Candle C08,크리스마스 조각 캔들 C08,节日系列 C08，适用 S/M/L/XL，可混批；可选系列内所有香型，批发价格按所选系列香型定价，底模香薰比例按所选系列。,节日系列 C08. Suitable for S/M/L/XL mixed wholesale; Scents can be selected from available series; wholesale price follows the selected scent series; fragrance ratio 按所选系列.,节日系列 C08. S/M/L/XL 혼합 도매 가능; 선택한 향 시리즈 기준으로 가격이 적용됩니다; 향료 비율 按所选系列.,来源于 2026 版批发产品手册第 4 页颜色展示区。颜色展示仅供参考，手工制作及拍摄光线可能存在轻微色差，最终以实物为准。,Sourced from the color reference section on page 4 of the 2026 wholesale manual. Color images are for reference only; handmade production and lighting may cause slight color differences.,2026 도매 제품 매뉴얼 4페이지 컬러 레퍼런스 기준입니다. 수작업 제작과 촬영 조명으로 실제 색상과 약간 다를 수 있습니다.,S,"S,M,L,XL",S:小花卷/细波纹/简约切线; M:经典花瓣/海浪卷/礼盒花型; L:大花瓣/层叠波纹/展陈花型; XL:大礼花/雕塑卷/陈列款,"classic,advanced,masterpiece",./images/products/HOL008/cover.webp,,,,,,,,,,,,"节日系列,可选香型系列,S/M/L/XL可混批","Holiday,Christmas,selectable scent series,S/M/L/XL mixable","시즌,크리스마스,향 시리즈 선택 가능,S/M/L/XL 혼합 가능",no,,2026-07-23,color-2,90,C08,节日系列,4
HOL009,holiday,active,90,无白色雪花淋面圣诞,Christmas Carved Candle - No White Snowflake Drizzle,화이트 눈꽃 드리즐 없는 크리스마스,节日系列 C09，适用 S/M/L/XL，可混批；可选系列内所有香型，批发价格按所选系列香型定价，底模香薰比例按所选系列。,节日系列 C09. Suitable for S/M/L/XL mixed wholesale; Scents can be selected from available series; wholesale price follows the selected scent series; fragrance ratio 按所选系列.,节日系列 C09. S/M/L/XL 혼합 도매 가능; 선택한 향 시리즈 기준으로 가격이 적용됩니다; 향료 비율 按所选系列.,来源于 2026 版批发产品手册第 4 页颜色展示区。颜色展示仅供参考，手工制作及拍摄光线可能存在轻微色差，最终以实物为准。,Sourced from the color reference section on page 4 of the 2026 wholesale manual. Color images are for reference only; handmade production and lighting may cause slight color differences.,2026 도매 제품 매뉴얼 4페이지 컬러 레퍼런스 기준입니다. 수작업 제작과 촬영 조명으로 실제 색상과 약간 다를 수 있습니다.,S,"S,M,L,XL",S:小花卷/细波纹/简约切线; M:经典花瓣/海浪卷/礼盒花型; L:大花瓣/层叠波纹/展陈花型; XL:大礼花/雕塑卷/陈列款,"classic,advanced,masterpiece",./images/products/HOL009/cover.webp,,,,,,,,,,,,"节日系列,可选香型系列,S/M/L/XL可混批","Holiday,Christmas,selectable scent series,S/M/L/XL mixable","시즌,크리스마스,향 시리즈 선택 가능,S/M/L/XL 혼합 가능",no,,2026-07-23,color-3,80,C09,节日系列,4
HOL010,holiday,active,100,C10,Christmas Carved Candle C10,크리스마스 조각 캔들 C10,节日系列 C10，适用 S/M/L/XL，可混批；可选系列内所有香型，批发价格按所选系列香型定价，底模香薰比例按所选系列。,节日系列 C10. Suitable for S/M/L/XL mixed wholesale; Scents can be selected from available series; wholesale price follows the selected scent series; fragrance ratio 按所选系列.,节日系列 C10. S/M/L/XL 혼합 도매 가능; 선택한 향 시리즈 기준으로 가격이 적용됩니다; 향료 비율 按所选系列.,来源于 2026 版批发产品手册第 4 页颜色展示区。颜色展示仅供参考，手工制作及拍摄光线可能存在轻微色差，最终以实物为准。,Sourced from the color reference section on page 4 of the 2026 wholesale manual. Color images are for reference only; handmade production and lighting may cause slight color differences.,2026 도매 제품 매뉴얼 4페이지 컬러 레퍼런스 기준입니다. 수작업 제작과 촬영 조명으로 실제 색상과 약간 다를 수 있습니다.,S,"S,M,L,XL",S:小花卷/细波纹/简约切线; M:经典花瓣/海浪卷/礼盒花型; L:大花瓣/层叠波纹/展陈花型; XL:大礼花/雕塑卷/陈列款,"classic,advanced,masterpiece",./images/products/HOL010/cover.webp,,,,,,,,,,,,"节日系列,可选香型系列,S/M/L/XL可混批","Holiday,Christmas,selectable scent series,S/M/L/XL mixable","시즌,크리스마스,향 시리즈 선택 가능,S/M/L/XL 혼합 가능",no,,2026-07-23,color-4,70,C10,节日系列,4
HOL011,holiday,active,110,C11,Christmas Carved Candle C11,크리스마스 조각 캔들 C11,节日系列 C11，适用 S/M/L/XL，可混批；可选系列内所有香型，批发价格按所选系列香型定价，底模香薰比例按所选系列。,节日系列 C11. Suitable for S/M/L/XL mixed wholesale; Scents can be selected from available series; wholesale price follows the selected scent series; fragrance ratio 按所选系列.,节日系列 C11. S/M/L/XL 혼합 도매 가능; 선택한 향 시리즈 기준으로 가격이 적용됩니다; 향료 비율 按所选系列.,来源于 2026 版批发产品手册第 4 页颜色展示区。颜色展示仅供参考，手工制作及拍摄光线可能存在轻微色差，最终以实物为准。,Sourced from the color reference section on page 4 of the 2026 wholesale manual. Color images are for reference only; handmade production and lighting may cause slight color differences.,2026 도매 제품 매뉴얼 4페이지 컬러 레퍼런스 기준입니다. 수작업 제작과 촬영 조명으로 실제 색상과 약간 다를 수 있습니다.,S,"S,M,L,XL",S:小花卷/细波纹/简约切线; M:经典花瓣/海浪卷/礼盒花型; L:大花瓣/层叠波纹/展陈花型; XL:大礼花/雕塑卷/陈列款,"classic,advanced,masterpiece",./images/products/HOL011/cover.webp,,,,,,,,,,,,"节日系列,可选香型系列,S/M/L/XL可混批","Holiday,Christmas,selectable scent series,S/M/L/XL mixable","시즌,크리스마스,향 시리즈 선택 가능,S/M/L/XL 혼합 가능",no,,2026-07-23,color-5,60,C11,节日系列,4
HOL012,holiday,active,120,C12,Christmas Carved Candle C12,크리스마스 조각 캔들 C12,节日系列 C12，适用 S/M/L/XL，可混批；可选系列内所有香型，批发价格按所选系列香型定价，底模香薰比例按所选系列。,节日系列 C12. Suitable for S/M/L/XL mixed wholesale; Scents can be selected from available series; wholesale price follows the selected scent series; fragrance ratio 按所选系列.,节日系列 C12. S/M/L/XL 혼합 도매 가능; 선택한 향 시리즈 기준으로 가격이 적용됩니다; 향료 비율 按所选系列.,来源于 2026 版批发产品手册第 4 页颜色展示区。颜色展示仅供参考，手工制作及拍摄光线可能存在轻微色差，最终以实物为准。,Sourced from the color reference section on page 4 of the 2026 wholesale manual. Color images are for reference only; handmade production and lighting may cause slight color differences.,2026 도매 제품 매뉴얼 4페이지 컬러 레퍼런스 기준입니다. 수작업 제작과 촬영 조명으로 실제 색상과 약간 다를 수 있습니다.,S,"S,M,L,XL",S:小花卷/细波纹/简约切线; M:经典花瓣/海浪卷/礼盒花型; L:大花瓣/层叠波纹/展陈花型; XL:大礼花/雕塑卷/陈列款,"classic,advanced,masterpiece",./images/products/HOL012/cover.webp,,,,,,,,,,,,"节日系列,可选香型系列,S/M/L/XL可混批","Holiday,Christmas,selectable scent series,S/M/L/XL mixable","시즌,크리스마스,향 시리즈 선택 가능,S/M/L/XL 혼합 가능",no,,2026-07-23,color-6,50,C12,节日系列,4
HOL013,holiday,active,130,C13,Christmas Carved Candle C13,크리스마스 조각 캔들 C13,节日系列 C13，适用 S/M/L/XL，可混批；可选系列内所有香型，批发价格按所选系列香型定价，底模香薰比例按所选系列。,节日系列 C13. Suitable for S/M/L/XL mixed wholesale; Scents can be selected from available series; wholesale price follows the selected scent series; fragrance ratio 按所选系列.,节日系列 C13. S/M/L/XL 혼합 도매 가능; 선택한 향 시리즈 기준으로 가격이 적용됩니다; 향료 비율 按所选系列.,来源于 2026 版批发产品手册第 4 页颜色展示区。颜色展示仅供参考，手工制作及拍摄光线可能存在轻微色差，最终以实物为准。,Sourced from the color reference section on page 4 of the 2026 wholesale manual. Color images are for reference only; handmade production and lighting may cause slight color differences.,2026 도매 제품 매뉴얼 4페이지 컬러 레퍼런스 기준입니다. 수작업 제작과 촬영 조명으로 실제 색상과 약간 다를 수 있습니다.,S,"S,M,L,XL",S:小花卷/细波纹/简约切线; M:经典花瓣/海浪卷/礼盒花型; L:大花瓣/层叠波纹/展陈花型; XL:大礼花/雕塑卷/陈列款,"classic,advanced,masterpiece",./images/products/HOL013/cover.webp,,,,,,,,,,,,"节日系列,可选香型系列,S/M/L/XL可混批","Holiday,Christmas,selectable scent series,S/M/L/XL mixable","시즌,크리스마스,향 시리즈 선택 가능,S/M/L/XL 혼합 가능",no,,2026-07-23,color-1,40,C13,节日系列,4
HOL014,holiday,active,140,C14,Christmas Carved Candle C14,크리스마스 조각 캔들 C14,节日系列 C14，适用 S/M/L/XL，可混批；可选系列内所有香型，批发价格按所选系列香型定价，底模香薰比例按所选系列。,节日系列 C14. Suitable for S/M/L/XL mixed wholesale; Scents can be selected from available series; wholesale price follows the selected scent series; fragrance ratio 按所选系列.,节日系列 C14. S/M/L/XL 혼합 도매 가능; 선택한 향 시리즈 기준으로 가격이 적용됩니다; 향료 비율 按所选系列.,来源于 2026 版批发产品手册第 4 页颜色展示区。颜色展示仅供参考，手工制作及拍摄光线可能存在轻微色差，最终以实物为准。,Sourced from the color reference section on page 4 of the 2026 wholesale manual. Color images are for reference only; handmade production and lighting may cause slight color differences.,2026 도매 제품 매뉴얼 4페이지 컬러 레퍼런스 기준입니다. 수작업 제작과 촬영 조명으로 실제 색상과 약간 다를 수 있습니다.,S,"S,M,L,XL",S:小花卷/细波纹/简约切线; M:经典花瓣/海浪卷/礼盒花型; L:大花瓣/层叠波纹/展陈花型; XL:大礼花/雕塑卷/陈列款,"classic,advanced,masterpiece",./images/products/HOL014/cover.webp,,,,,,,,,,,,"节日系列,可选香型系列,S/M/L/XL可混批","Holiday,Christmas,selectable scent series,S/M/L/XL mixable","시즌,크리스마스,향 시리즈 선택 가능,S/M/L/XL 혼합 가능",no,,2026-07-23,color-2,30,C14,节日系列,4
HOL015,holiday,active,150,C15,Christmas Carved Candle C15,크리스마스 조각 캔들 C15,节日系列 C15，适用 S/M/L/XL，可混批；可选系列内所有香型，批发价格按所选系列香型定价，底模香薰比例按所选系列。,节日系列 C15. Suitable for S/M/L/XL mixed wholesale; Scents can be selected from available series; wholesale price follows the selected scent series; fragrance ratio 按所选系列.,节日系列 C15. S/M/L/XL 혼합 도매 가능; 선택한 향 시리즈 기준으로 가격이 적용됩니다; 향료 비율 按所选系列.,来源于 2026 版批发产品手册第 4 页颜色展示区。颜色展示仅供参考，手工制作及拍摄光线可能存在轻微色差，最终以实物为准。,Sourced from the color reference section on page 4 of the 2026 wholesale manual. Color images are for reference only; handmade production and lighting may cause slight color differences.,2026 도매 제품 매뉴얼 4페이지 컬러 레퍼런스 기준입니다. 수작업 제작과 촬영 조명으로 실제 색상과 약간 다를 수 있습니다.,S,"S,M,L,XL",S:小花卷/细波纹/简约切线; M:经典花瓣/海浪卷/礼盒花型; L:大花瓣/层叠波纹/展陈花型; XL:大礼花/雕塑卷/陈列款,"classic,advanced,masterpiece",./images/products/HOL015/cover.webp,,,,,,,,,,,,"节日系列,可选香型系列,S/M/L/XL可混批","Holiday,Christmas,selectable scent series,S/M/L/XL mixable","시즌,크리스마스,향 시리즈 선택 가능,S/M/L/XL 혼합 가능",no,,2026-07-23,color-3,20,C15,节日系列,4
HOL016,holiday,active,160,C16,Christmas Carved Candle C16,크리스마스 조각 캔들 C16,节日系列 C16，适用 S/M/L/XL，可混批；可选系列内所有香型，批发价格按所选系列香型定价，底模香薰比例按所选系列。,节日系列 C16. Suitable for S/M/L/XL mixed wholesale; Scents can be selected from available series; wholesale price follows the selected scent series; fragrance ratio 按所选系列.,节日系列 C16. S/M/L/XL 혼합 도매 가능; 선택한 향 시리즈 기준으로 가격이 적용됩니다; 향료 비율 按所选系列.,来源于 2026 版批发产品手册第 4 页颜色展示区。颜色展示仅供参考，手工制作及拍摄光线可能存在轻微色差，最终以实物为准。,Sourced from the color reference section on page 4 of the 2026 wholesale manual. Color images are for reference only; handmade production and lighting may cause slight color differences.,2026 도매 제품 매뉴얼 4페이지 컬러 레퍼런스 기준입니다. 수작업 제작과 촬영 조명으로 실제 색상과 약간 다를 수 있습니다.,S,"S,M,L,XL",S:小花卷/细波纹/简约切线; M:经典花瓣/海浪卷/礼盒花型; L:大花瓣/层叠波纹/展陈花型; XL:大礼花/雕塑卷/陈列款,"classic,advanced,masterpiece",./images/products/HOL016/cover.webp,,,,,,,,,,,,"节日系列,可选香型系列,S/M/L/XL可混批","Holiday,Christmas,selectable scent series,S/M/L/XL mixable","시즌,크리스마스,향 시리즈 선택 가능,S/M/L/XL 혼합 가능",no,,2026-07-23,color-4,10,C16,节日系列,4
CLA001,classic,active,10,红色,Red,레드,经典系列 C01，适用 S/M/L/XL，可混批；上海依克塞汀香薰香精，底模香薰比例5%。,经典系列 C01. Suitable for S/M/L/XL mixed wholesale; Yikesaiting fragrance from Shanghai; fragrance ratio 5%.,经典系列 C01. S/M/L/XL 혼합 도매 가능; 상하이 이크세이팅 향료; 향료 비율 5%.,来源于 2026 版批发产品手册第 3 页颜色展示区。颜色展示仅供参考，手工制作及拍摄光线可能存在轻微色差，最终以实物为准。,Sourced from the color reference section on page 3 of the 2026 wholesale manual. Color images are for reference only; handmade production and lighting may cause slight color differences.,2026 도매 제품 매뉴얼 3페이지 컬러 레퍼런스 기준입니다. 수작업 제작과 촬영 조명으로 실제 색상과 약간 다를 수 있습니다.,S,"S,M,L,XL",S:小花卷/细波纹/简约切线; M:经典花瓣/海浪卷/礼盒花型; L:大花瓣/层叠波纹/展陈花型; XL:大礼花/雕塑卷/陈列款,classic,./images/products/CLA001/cover.webp,./images/products/CLA001/angle.webp,./images/products/CLA001/detail.webp,./images/products/CLA001/size-s.webp,./images/products/CLA001/size-m.webp,./images/products/CLA001/size-l.webp,./images/products/CLA001/size-xl.webp,,,,,,"经典系列,香薰比例5%,S/M/L/XL可混批","Classic,5% fragrance,S/M/L/XL mixable","클래식,향료 5%,S/M/L/XL 혼합 가능",no,,2026-07-23,color-1,80,C01,经典系列,3
CLA002,classic,active,20,橙色,Orange,오렌지,经典系列 C02，适用 S/M/L/XL，可混批；上海依克塞汀香薰香精，底模香薰比例5%。,经典系列 C02. Suitable for S/M/L/XL mixed wholesale; Yikesaiting fragrance from Shanghai; fragrance ratio 5%.,经典系列 C02. S/M/L/XL 혼합 도매 가능; 상하이 이크세이팅 향료; 향료 비율 5%.,来源于 2026 版批发产品手册第 3 页颜色展示区。颜色展示仅供参考，手工制作及拍摄光线可能存在轻微色差，最终以实物为准。,Sourced from the color reference section on page 3 of the 2026 wholesale manual. Color images are for reference only; handmade production and lighting may cause slight color differences.,2026 도매 제품 매뉴얼 3페이지 컬러 레퍼런스 기준입니다. 수작업 제작과 촬영 조명으로 실제 색상과 약간 다를 수 있습니다.,S,"S,M,L,XL",S:小花卷/细波纹/简约切线; M:经典花瓣/海浪卷/礼盒花型; L:大花瓣/层叠波纹/展陈花型; XL:大礼花/雕塑卷/陈列款,classic,./images/products/CLA002/cover.webp,,,,,,,,,,,,"经典系列,香薰比例5%,S/M/L/XL可混批","Classic,5% fragrance,S/M/L/XL mixable","클래식,향료 5%,S/M/L/XL 혼합 가능",no,,2026-07-23,color-2,70,C02,经典系列,3
CLA003,classic,active,30,黄色,Yellow,옐로,经典系列 C03，适用 S/M/L/XL，可混批；上海依克塞汀香薰香精，底模香薰比例5%。,经典系列 C03. Suitable for S/M/L/XL mixed wholesale; Yikesaiting fragrance from Shanghai; fragrance ratio 5%.,经典系列 C03. S/M/L/XL 혼합 도매 가능; 상하이 이크세이팅 향료; 향료 비율 5%.,来源于 2026 版批发产品手册第 3 页颜色展示区。颜色展示仅供参考，手工制作及拍摄光线可能存在轻微色差，最终以实物为准。,Sourced from the color reference section on page 3 of the 2026 wholesale manual. Color images are for reference only; handmade production and lighting may cause slight color differences.,2026 도매 제품 매뉴얼 3페이지 컬러 레퍼런스 기준입니다. 수작업 제작과 촬영 조명으로 실제 색상과 약간 다를 수 있습니다.,S,"S,M,L,XL",S:小花卷/细波纹/简约切线; M:经典花瓣/海浪卷/礼盒花型; L:大花瓣/层叠波纹/展陈花型; XL:大礼花/雕塑卷/陈列款,classic,./images/products/CLA003/cover.webp,,,,,,,,,,,,"经典系列,香薰比例5%,S/M/L/XL可混批","Classic,5% fragrance,S/M/L/XL mixable","클래식,향료 5%,S/M/L/XL 혼합 가능",no,,2026-07-23,color-3,60,C03,经典系列,3
CLA004,classic,active,40,绿色,Green,그린,经典系列 C04，适用 S/M/L/XL，可混批；上海依克塞汀香薰香精，底模香薰比例5%。,经典系列 C04. Suitable for S/M/L/XL mixed wholesale; Yikesaiting fragrance from Shanghai; fragrance ratio 5%.,经典系列 C04. S/M/L/XL 혼합 도매 가능; 상하이 이크세이팅 향료; 향료 비율 5%.,来源于 2026 版批发产品手册第 3 页颜色展示区。颜色展示仅供参考，手工制作及拍摄光线可能存在轻微色差，最终以实物为准。,Sourced from the color reference section on page 3 of the 2026 wholesale manual. Color images are for reference only; handmade production and lighting may cause slight color differences.,2026 도매 제품 매뉴얼 3페이지 컬러 레퍼런스 기준입니다. 수작업 제작과 촬영 조명으로 실제 색상과 약간 다를 수 있습니다.,S,"S,M,L,XL",S:小花卷/细波纹/简约切线; M:经典花瓣/海浪卷/礼盒花型; L:大花瓣/层叠波纹/展陈花型; XL:大礼花/雕塑卷/陈列款,classic,./images/products/CLA004/cover.webp,,,,,,,,,,,,"经典系列,香薰比例5%,S/M/L/XL可混批","Classic,5% fragrance,S/M/L/XL mixable","클래식,향료 5%,S/M/L/XL 혼합 가능",no,,2026-07-23,color-4,50,C04,经典系列,3
CLA005,classic,active,50,蓝色,Blue,블루,经典系列 C05，适用 S/M/L/XL，可混批；上海依克塞汀香薰香精，底模香薰比例5%。,经典系列 C05. Suitable for S/M/L/XL mixed wholesale; Yikesaiting fragrance from Shanghai; fragrance ratio 5%.,经典系列 C05. S/M/L/XL 혼합 도매 가능; 상하이 이크세이팅 향료; 향료 비율 5%.,来源于 2026 版批发产品手册第 3 页颜色展示区。颜色展示仅供参考，手工制作及拍摄光线可能存在轻微色差，最终以实物为准。,Sourced from the color reference section on page 3 of the 2026 wholesale manual. Color images are for reference only; handmade production and lighting may cause slight color differences.,2026 도매 제품 매뉴얼 3페이지 컬러 레퍼런스 기준입니다. 수작업 제작과 촬영 조명으로 실제 색상과 약간 다를 수 있습니다.,S,"S,M,L,XL",S:小花卷/细波纹/简约切线; M:经典花瓣/海浪卷/礼盒花型; L:大花瓣/层叠波纹/展陈花型; XL:大礼花/雕塑卷/陈列款,classic,./images/products/CLA005/cover.webp,,,,,,,,,,,,"经典系列,香薰比例5%,S/M/L/XL可混批","Classic,5% fragrance,S/M/L/XL mixable","클래식,향료 5%,S/M/L/XL 혼합 가능",no,,2026-07-23,color-5,40,C05,经典系列,3
CLA006,classic,active,60,紫色,Purple,퍼플,经典系列 C06，适用 S/M/L/XL，可混批；上海依克塞汀香薰香精，底模香薰比例5%。,经典系列 C06. Suitable for S/M/L/XL mixed wholesale; Yikesaiting fragrance from Shanghai; fragrance ratio 5%.,经典系列 C06. S/M/L/XL 혼합 도매 가능; 상하이 이크세이팅 향료; 향료 비율 5%.,来源于 2026 版批发产品手册第 3 页颜色展示区。颜色展示仅供参考，手工制作及拍摄光线可能存在轻微色差，最终以实物为准。,Sourced from the color reference section on page 3 of the 2026 wholesale manual. Color images are for reference only; handmade production and lighting may cause slight color differences.,2026 도매 제품 매뉴얼 3페이지 컬러 레퍼런스 기준입니다. 수작업 제작과 촬영 조명으로 실제 색상과 약간 다를 수 있습니다.,S,"S,M,L,XL",S:小花卷/细波纹/简约切线; M:经典花瓣/海浪卷/礼盒花型; L:大花瓣/层叠波纹/展陈花型; XL:大礼花/雕塑卷/陈列款,classic,./images/products/CLA006/cover.webp,,,,,,,,,,,,"经典系列,香薰比例5%,S/M/L/XL可混批","Classic,5% fragrance,S/M/L/XL mixable","클래식,향료 5%,S/M/L/XL 혼합 가능",no,,2026-07-23,color-6,30,C06,经典系列,3
CLA007,classic,active,70,黑色,Black,블랙,经典系列 C07，适用 S/M/L/XL，可混批；上海依克塞汀香薰香精，底模香薰比例5%。,经典系列 C07. Suitable for S/M/L/XL mixed wholesale; Yikesaiting fragrance from Shanghai; fragrance ratio 5%.,经典系列 C07. S/M/L/XL 혼합 도매 가능; 상하이 이크세이팅 향료; 향료 비율 5%.,来源于 2026 版批发产品手册第 3 页颜色展示区。颜色展示仅供参考，手工制作及拍摄光线可能存在轻微色差，最终以实物为准。,Sourced from the color reference section on page 3 of the 2026 wholesale manual. Color images are for reference only; handmade production and lighting may cause slight color differences.,2026 도매 제품 매뉴얼 3페이지 컬러 레퍼런스 기준입니다. 수작업 제작과 촬영 조명으로 실제 색상과 약간 다를 수 있습니다.,S,"S,M,L,XL",S:小花卷/细波纹/简约切线; M:经典花瓣/海浪卷/礼盒花型; L:大花瓣/层叠波纹/展陈花型; XL:大礼花/雕塑卷/陈列款,classic,./images/products/CLA007/cover.webp,,,,,,,,,,,,"经典系列,香薰比例5%,S/M/L/XL可混批","Classic,5% fragrance,S/M/L/XL mixable","클래식,향료 5%,S/M/L/XL 혼합 가능",no,,2026-07-23,color-1,20,C07,经典系列,3
CLA008,classic,active,80,彩虹色,Rainbow,레인보우,经典系列 C08，适用 S/M/L/XL，可混批；上海依克塞汀香薰香精，底模香薰比例5%。,经典系列 C08. Suitable for S/M/L/XL mixed wholesale; Yikesaiting fragrance from Shanghai; fragrance ratio 5%.,经典系列 C08. S/M/L/XL 혼합 도매 가능; 상하이 이크세이팅 향료; 향료 비율 5%.,来源于 2026 版批发产品手册第 3 页颜色展示区。颜色展示仅供参考，手工制作及拍摄光线可能存在轻微色差，最终以实物为准。,Sourced from the color reference section on page 3 of the 2026 wholesale manual. Color images are for reference only; handmade production and lighting may cause slight color differences.,2026 도매 제품 매뉴얼 3페이지 컬러 레퍼런스 기준입니다. 수작업 제작과 촬영 조명으로 실제 색상과 약간 다를 수 있습니다.,S,"S,M,L,XL",S:小花卷/细波纹/简约切线; M:经典花瓣/海浪卷/礼盒花型; L:大花瓣/层叠波纹/展陈花型; XL:大礼花/雕塑卷/陈列款,classic,./images/products/CLA008/cover.webp,,,,,,,,,,,,"经典系列,香薰比例5%,S/M/L/XL可混批","Classic,5% fragrance,S/M/L/XL mixable","클래식,향료 5%,S/M/L/XL 혼합 가능",no,,2026-07-23,color-2,10,C08,经典系列,3
